{"iteration": 5, "elapseds": [0.300444, 0.28878000000000004, 0.297384, 0.29002400000000006, 0.298272], "total_num_anneals": [2000, 2000, 2000, 2000, 2000]}