{"elapseds": [3856.67876674, 3965.199527339, 3931.925151533], "iteration": 3, "total_num_anneals": [1000, 1000, 1000]}