{"elapseds": [9.232136196, 8.689071347, 8.795552521, 8.832705162, 8.176175086, 8.082773514, 8.692881981, 8.32257936, 8.11847323, 8.075120083, 8.490133694, 8.302194655, 8.075400224, 8.184250646, 8.462644491], "iteration": 15, "total_num_anneals": [500, 500, 500, 500, 500, 500, 500, 500, 500, 500, 500, 500, 500, 500, 500]}