{"iteration": 3, "elapseds": [538.7365047931671, 619.562650680542, 580.9006280899048], "total_num_anneals": [1000, 1000, 1000]}