{"iteration": 30, "elapseds": [582.7585923671722, 594.8941979408264, 596.5818569660187, 601.852371931076, 612.395742893219, 638.1572880744934, 732.4705159664154, 606.7718496322632, 652.1448423862457, 676.5704658031464, 763.3003549575806, 834.3990635871887, 1045.527275800705, 927.1397075653076, 927.2709760665894, 1064.026311159134, 685.6817145347595, 605.2192552089691, 603.0245242118835, 607.9290134906769, 623.0615184307098, 583.0880994796753, 585.2612524032593, 605.378476858139, 603.7297651767731, 613.9838681221008, 593.2139496803284, 597.8816792964935, 687.8251676559448, 977.0045917034149], "total_num_anneals": [1000, 1000, 1000, 1000, 1000, 1000, 1000, 1000, 1000, 1000, 1000, 1000, 1000, 1000, 1000, 1000, 1000, 1000, 1000, 1000, 1000, 1000, 1000, 1000, 1000, 1000, 1000, 1000, 1000, 1000]}