{"iteration": 3, "elapseds": [3630.366331100464, 619.5260770320892, 624.7656242847443], "total_num_anneals": [1000, 1000, 1000]}