{"iteration": 30, "elapseds": [131.678957904689, 142.68265339080244, 140.68930269684643, 139.2955408031121, 155.6103347549215, 155.3373345574364, 154.29255356825888, 148.16431690845639, 178.4534088941291, 142.37863931059837, 151.51484867930412, 143.31960935611278, 149.80666696093976, 141.52020383998752, 147.0777555089444, 178.34822933841497, 142.64586864970624, 149.07777906488627, 155.22127567138523, 154.3305365657434, 148.19556050095707, 162.7055882178247, 144.20133944414556, 145.45983557589352, 147.79103158321232, 142.72490724083036, 146.58133683726192, 148.65945071075112, 145.98465443775058, 160.718003064394], "total_num_anneals": [0, 0, 0, 0, 0, 0, 0, 0, 0, 0, 0, 0, 0, 0, 0, 0, 0, 0, 0, 0, 0, 0, 0, 0, 0, 0, 0, 0, 0, 0]}