{"iteration": 3, "elapseds": [232.55816757126482, 228.50854015253458, 230.84968977562409], "total_num_anneals": [1000, 1000, 1000]}