{"iteration": 3, "elapseds": [233.935783095222, 230.24215779859833, 235.4325588633923], "total_num_anneals": [1000, 1000, 1000]}