{"elapseds": [16.385185721, 15.763228899, 15.548226667], "iteration": 3, "total_num_anneals": [500, 500, 500]}