{"iteration": 30, "elapseds": [0.0041136, 0.004581, 0.0039594, 0.0048714, 0.004164, 0.0038178, 0.0039492, 0.0044772, 0.0039042, 0.0041604, 0.0049032, 0.0042378, 0.004056, 0.0048408, 0.0038094, 0.004875600000000001, 0.0042342, 0.0045456, 0.0038826, 0.004467, 0.0039492, 0.004452, 0.0051792, 0.0042078, 0.0042558000000000006, 0.0039264, 0.004023, 0.004038, 0.004119, 0.0043434], "total_num_anneals": [0, 0, 0, 0, 0, 0, 0, 0, 0, 0, 0, 0, 0, 0, 0, 0, 0, 0, 0, 0, 0, 0, 0, 0, 0, 0, 0, 0, 0, 0]}