{"iteration": 5, "elapseds": [0.263056, 0.264008, 0.28159999999999996, 0.242772, 0.25370800000000004], "total_num_anneals": [2000, 2000, 2000, 2000, 2000]}