classic-3,time,statistic,p_value,mean,std,max,min
hysoo,3.102576,6.387364595228,2.09444775e-10,-249.1783,245.5399,-97.3667,-1534.7833
sa,149.815584,6.387364595228,2.09444775e-10,-1482.2372,176.1042,-1117.3833,-1875.1
