Amazon,time,statistic,p_value,mean,std,max,min
hysoo,0.064311,-6.593853736915,4.4756553e-11,70.0058,10.0065,89.7333,48.9333
sa,0.729902,-6.593853736915,4.4756553e-11,118.4911,15.8193,151.5083,84.4167
