uClinux,time,statistic,p_value,mean,std,max,min
hysoo,1.903882,-6.652991438591,2.8719491e-11,31.2987,6.6388,48.0059,23.645
sa,144.515274,-6.652991438591,2.8719491e-11,3311.1705,77.8447,3484.931,3153.1364
