Baan,time,statistic,p_value,mean,std,max,min
hysoo,0.183451,-6.652991438591,2.8719491e-11,-19787.65,873.7947,-17983.75,-21930.0833
sa,26.234564,-6.652991438591,2.8719491e-11,-10434.4856,1270.6168,-7721.3833,-13057.3
