classic-1,time,statistic,p_value,mean,std,max,min
hysoo,0.085252,6.444284633092,1.72676261e-10,-285.8272,44.5273,-236.7333,-489.95
sa,19.352286,6.444284633092,1.72676261e-10,-506.9128,73.6128,-360.2,-658.0833
