classic-2,time,statistic,p_value,mean,std,max,min
hysoo,1.440946,-5.21939498712,4.19036843954e-07,-2754.9744,747.2804,-438.3667,-3412.0833
sa,114.903176,-5.21939498712,4.19036843954e-07,-2422.8333,173.7842,-2058.95,-2795.5833
