classic-2,time,statistic,p_value,mean,std,max,min
hysoo,1.370427,6.476563961923,1.28659487e-10,-270.2811,391.4139,-94.9333,-2358.2167
sa,114.903176,6.476563961923,1.28659487e-10,-2422.8333,173.7842,-2058.95,-2795.5833
