eCos,time,statistic,p_value,mean,std,max,min
hysoo,8.275332,-6.652991438591,2.8719491e-11,347.2614,28.9079,405.6071,289.6682
sa,147.512271,-6.652991438591,2.8719491e-11,2241.9388,66.0053,2376.4466,2107.4575
