classic-3,time,statistic,p_value,mean,std,max,min
hysoo,3.024614,-6.376522683254,6.23544067e-10,-2045.0656,205.3409,-1579.725,-2531.45
sa,149.815584,-6.376522683254,6.23544067e-10,-1482.2372,176.1042,-1117.3833,-1875.1
