E-Shop,time,statistic,p_value,mean,std,max,min
hysoo,0.223857,-6.652991438591,2.8719491e-11,260.7418,24.4141,316.9375,217.1542
sa,3.796958,-6.652991438591,2.8719491e-11,421.2108,27.0152,480.2333,370.6083
