E-Shop,time,statistic,p_value,mean,std,max,min
hysoo,0.156329,-6.651512996049,2.9033183e-11,271.2711,25.3146,324.3975,221.3683
sa,18.007841,-6.651512996049,2.9033183e-11,418.7656,27.414,477.4275,361.7367
