classic-1,time,statistic,p_value,mean,std,max,min
hysoo,0.128283,-4.179064251797,0.000119313735059663,-616.1342,94.2679,-408.225,-793.5
sa,19.352286,-4.179064251797,0.000119313735059663,-506.9128,73.6128,-360.2,-658.0833
