classic-1,time,statistic,p_value,mean,std,max,min
hysoo,0.085252,6.650527367688,2.9340181e-11,-285.8272,44.5273,-236.7333,-489.95
soqa,0.005144,6.650527367688,2.9340181e-11,-789.0067,57.4744,-654.1833,-891.3833
