Amazon,time,statistic,p_value,mean,std,max,min
hysoo,0.064311,3.370848995553,0.015348748890647933,70.0058,10.0065,89.7333,48.9333
soqa,0.004302,3.370848995553,0.015348748890647933,59.2567,11.2454,80.2417,34.3833
