Baan,time,statistic,p_value,mean,std,max,min
hysoo,0.183451,-6.652991438591,2.8719491e-11,-19787.65,873.7947,-17983.75,-21930.0833
soqa,0.006783,-6.652991438591,2.8719491e-11,-9146.1444,1063.3035,-6868.8333,-11438.05
