E-Shop,time,statistic,p_value,mean,std,max,min
hysoo,0.156329,-5.889129458605,1.235338837079e-06,271.2711,25.3146,324.3975,221.3683
soqa,0.006648,-5.889129458605,1.235338837079e-06,337.3591,29.0849,396.51,278.6325
