E-Shop,time,statistic,p_value,mean,std,max,min
hysoo,0.223857,-6.507611255303,1.05414635e-10,260.7418,24.4141,316.9375,217.1542
soqa,0.007058,-6.507611255303,1.05414635e-10,357.2161,31.7054,413.1042,294.7833
