{"iteration": 6, "elapseds": [5.464215302015936, 6.4774991285883905, 6.356099762156773, 4.392585065312218, 3.014145826822758, 2.873482831053281], "total_num_anneals": [0, 0, 0, 0, 0, 0]}