{"iteration": 3, "elapseds": [0.144918, 0.147528, 0.148916], "total_num_anneals": [1000, 1000, 1000]}