{"iteration": 3, "elapseds": [0.12572, 0.12966399999999997, 0.126404], "total_num_anneals": [1000, 1000, 1000]}