{"elapseds": [17.514016581, 16.837775943, 16.82689292, 16.081406164, 16.844759168, 16.613704932, 16.400015799, 16.5973558, 15.450034718, 15.945947156, 15.988402271, 15.724950846, 16.278492356, 15.815968642, 15.765610445], "iteration": 15, "total_num_anneals": [1000, 1000, 1000, 1000, 1000, 1000, 1000, 1000, 1000, 1000, 1000, 1000, 1000, 1000, 1000]}