{"iteration": 3, "elapseds": [6.613452462479472, 6.641390718519688, 6.638314590789378], "total_num_anneals": [0, 0, 0]}