{"elapseds": [2900.702810183, 2846.500816934, 2811.974531089, 2810.618719799, 2815.91679982, 2829.885205874, 2814.088588726, 2788.960387896, 2817.226093784, 2793.555479562, 2811.042857018, 2786.178547724, 2792.557280804, 2811.330640442, 2768.831514536], "iteration": 15, "total_num_anneals": [1000, 1000, 1000, 1000, 1000, 1000, 1000, 1000, 1000, 1000, 1000, 1000, 1000, 1000, 1000]}