{"elapseds": [257.389053954, 250.065050574, 253.607954198, 251.659898731, 250.075123622, 252.90561117, 250.415278669, 254.090010066, 251.049449919, 249.866140145], "iteration": 10, "total_num_anneals": [1000, 1000, 1000, 1000, 1000, 1000, 1000, 1000, 1000, 1000]}