Baan,statistic,p_value,mean,std,max,min,time
sa,2.61116484,0.00451172,-9914.2,1085.61713325,-8288.0,-11048.5,74.6046572
soqp,2.61116484,0.00451172,-12491.8,685.6780294,-11714.5,-13302.5,0.109862
