ms,statistic,p_value,mean,std,max,min,time
sa,2.61116484,0.00451172,573.0,0.0,573.0,573.0,0.1888967
soqp,2.61116484,0.00451172,1.0,2.0,5.0,0.0,0.073492
