rp,statistic,p_value,mean,std,max,min,time
sa,2.61116484,0.00451172,16340.6,3893.8,18287.5,8553.0,0.0969052
soqp,2.61116484,0.00451172,0.0,0.0,0.0,0.0,0.063788
