{"iteration": 5, "elapseds": [0.6510999999999999, 0.6379400000000001, 0.62321, 0.64285, 0.66965], "total_num_anneals": [5000, 5000, 5000, 5000, 5000]}