{"iteration": 3, "elapseds": [1.3642715400143213, 1.4570427009989477, 1.36544864494002], "total_num_anneals": [0, 0, 0]}