{"elapseds": [70.743531569, 67.118338586, 68.360868453], "iteration": 3, "total_num_anneals": [500, 500, 500]}