{"iteration": 15, "elapseds": [2.6645743239838002, 2.716819636885512, 2.6955386711773754, 2.7899332059753776, 2.7677093901183007, 2.635229297510278, 2.801062698173392, 2.616902804381955, 2.9677007235205055, 2.7753582783992408, 2.8079642842912795, 2.7373561057798743, 2.819800943106699, 2.7990537961581827, 2.819098325743878], "total_num_anneals": [0, 0, 0, 0, 0, 0, 0, 0, 0, 0, 0, 0, 0, 0, 0]}