{"iteration": 3, "elapseds": [3.806415577419102, 3.7955460557714105, 3.819290573708713], "total_num_anneals": [0, 0, 0]}