{"iteration": 3, "elapseds": [6.7115991380067666, 6.774851499946365, 6.563711556005344], "total_num_anneals": [0, 0, 0]}