{"iteration": 3, "elapseds": [0.135552, 0.132892, 0.12475400000000002], "total_num_anneals": [1000, 1000, 1000]}