WebPortal,elapsed time,found,front,igd,hv,spacing,tts
moqa,0.1413,45.66667,45.3333,2.6509,11666871.9,6.5907,14.2674
nsgaii,0.1863,12.33333,9.6667,86.4873,3452700.9667,3.1588,89.5788
