ms,elapsed time,found,front,igd,hv,spacing,tts
moqa,0.1461,782.66667,89.6667,0.0,241463.0,8.1025,0.4414
nsgaii,7.9084,44.66667,0.0,124.5806,187944.6667,10.1682,808.5669
