WebPortal,elapsed time,found,front,igd,hv,spacing,tts
moqa,0.1413,364.33333,74.0,13.3271,16322932.2,5.3161,1.4391
nsgaii,16.4941,184.33333,159.6667,17.1048,7212191.6333,2.4941,374.6361
