rp,elapsed time,found,front,igd,hv,spacing,tts
moqa,0.1285,436.33333,51.0,55.1828,2945717.6667,367.6926,1.046
nsgaii,4.2424,58.66667,44.3333,182.2769,2916306.0,462.5223,325.3841
