Baan,elapsed time,found,front,igd,hv,spacing,tts
moqa,0.2285,918.33333,0.0,2363.3945,6488161.6667,828.3289,0.4201
nsgaii,4.9763,36.33333,36.3333,0.0,19667093.3333,435.9181,632.1035
