{"iteration": 5, "elapseds": [0.45818000000000003, 0.45089999999999997, 0.45865999999999996, 0.44282800000000005, 0.44536800000000004], "total_num_anneals": [2000, 2000, 2000, 2000, 2000]}