classic-2,time,statistic,p_value,mean,std,max,min
hysoo,1.517878,6.652991438591,2.8719491e-11,68.9167,18.8689,110.0,45.5
sa,22.770493,6.652991438591,2.8719491e-11,-2436.6,199.74,-2128.0,-2857.0
