eCos,time,statistic,p_value,mean,std,max,min
hysoo,28.288611,-6.652991438591,2.8719491e-11,347.1629,30.6151,417.7032,287.2985
sa,147.512271,-6.652991438591,2.8719491e-11,2241.9388,66.0053,2376.4466,2107.4575
