uClinux,time,statistic,p_value,mean,std,max,min
hysoo,2.257447,-6.652991438591,2.8719491e-11,31.3644,6.1058,46.3483,23.645
sa,32.493208,-6.652991438591,2.8719491e-11,3302.1401,81.2967,3465.8058,3120.91
