classic-3,time,statistic,p_value,mean,std,max,min
hysoo,2.867708,4.595492234434,6.373212189185e-06,-513.0333,615.3511,-20.0,-1675.5
sa_,16.809783,4.595492234434,6.373212189185e-06,-1472.4333,171.7435,-1119.5,-1850.8333
