uClinux,time,statistic,p_value,mean,std,max,min
hysoo,3.665853,-6.652991438591,2.8719491e-11,30.2391,5.7853,44.8613,23.645
sa,144.515274,-6.652991438591,2.8719491e-11,3311.1705,77.8447,3484.931,3153.1364
