eCos,time,statistic,p_value,mean,std,max,min
hysoo,6.568075,-6.652991438591,2.8719491e-11,335.8873,27.8809,388.7867,287.9025
sa,26.709375,-6.652991438591,2.8719491e-11,2231.5188,65.4469,2366.5075,2112.2417
