classic-1,time,statistic,p_value,mean,std,max,min
hysoo,0.129755,1.642303256971,0.17236543173874866,-482.6333,110.7531,-263.5,-743.5
sa_,19.71035,1.642303256971,0.17236543173874866,-521.6722,78.2693,-356.25,-672.1667
