E-Shop,time,statistic,p_value,mean,std,max,min
hysoo,0.223896,-6.648063296785,2.9730385e-11,267.4797,28.6203,334.5,194.975
sa,3.807084,-6.648063296785,2.9730385e-11,415.5914,23.9115,460.7,360.6667
