classic-3,time,statistic,p_value,mean,std,max,min
hysoo,2.950665,6.652991438591,2.8719491e-11,-547.3333,16.2334,-503.5,-571.5
sa,26.691765,6.652991438591,2.8719491e-11,-1470.65,140.2166,-1230.5,-1747.0
