classic-2,time,statistic,p_value,mean,std,max,min
hysoo,1.560457,4.480912937436,9.150069604609e-06,-828.35,1015.7711,-107.0,-2723.0
sa_,14.009253,4.480912937436,9.150069604609e-06,-2424.0139,188.624,-2027.8333,-2802.5
