classic-1,time,statistic,p_value,mean,std,max,min
hysoo,0.128364,-6.652991438591,2.8719491e-11,234.65,89.3285,439.0,92.5
sa,3.866038,-6.652991438591,2.8719491e-11,1874.3333,246.6476,2431.0,1325.5
