BerkeleyDB,num,time,statistic,p_value,mean,std,max,min
ga,6.0,3.989469,2.43943019,0.014710444453394785,11.6608,1.0511,15.2,11.15
soqa,1.0,0.28823,2.43943019,0.014710444453394785,11.15,0.0,11.15,11.15
