classic-1,num,time,statistic,p_value,mean,std,max,min
ga,28.0,18.184373,6.53543146,6.3426423e-11,-410.0036,71.4832,-241.4,-556.6
soqa,30.0,1.16988,6.53543146,6.3426423e-11,-1131.7067,49.34,-1026.8,-1228.9
