Drupal,num,time,statistic,p_value,mean,std,max,min
ga,29.0,9.325875,6.65299144,2.8719491e-11,34.6425,5.9484,47.475,25.3
soqa,1.0,0.36207,6.65299144,2.8719491e-11,20.6,0.0,20.6,20.6
