Baan,num,time,statistic,p_value,mean,std,max,min
ga,30.0,3.505936,-6.65299144,2.8719491e-11,-18876.4833,809.3803,-17026.5,-20488.5
soqa,30.0,0.578672,-6.65299144,2.8719491e-11,-14787.9667,752.7193,-13617.5,-16514.5
