ms,num,time,statistic,p_value,mean,std,max,min
ga,27.0,2.215715,6.47275457,9.6232196e-11,216.1778,28.0287,294.6,170.2
soqa,3.0,0.35656,6.47275457,9.6232196e-11,0.3767,1.1809,5.3,0.0
