E-Shop,num,time,statistic,p_value,mean,std,max,min
ga,5.0,75.18219,1.75905819,0.07856762549454546,364.855,26.2393,397.9,323.275
soqa,7.0,0.575914,1.75905819,0.07856762549454546,339.3214,26.7364,375.325,312.75
