classic-1,num,time,statistic,p_value,mean,std,max,min
ga,28.0,18.184373,6.53543146,6.3426423e-11,-410.0036,71.4832,-241.4,-556.6
soqa,30.0,0.481376,6.53543146,6.3426423e-11,-1169.8133,44.1466,-1097.5,-1265.5
