rp,num,time,statistic,p_value,mean,std,max,min
ga,18.0,1.236367,5.32239315,1.02410938912e-07,717.78,670.1833,2816.1,0.0
soqa,1.0,0.31213,5.32239315,1.02410938912e-07,0.0,0.0,0.0,0.0
