ERS,num,time,statistic,p_value,mean,std,max,min
ga,14.0,7.736926,-2.61116484,0.009023438818080326,67.8589,1.8664,73.15,64.925
soqa,7.0,0.33392,-2.61116484,0.009023438818080326,69.8821,1.34,72.575,67.9
