WebPortal,num,time,statistic,p_value,mean,std,max,min
ga,25.0,9.519763,6.03749383,1.565261478e-09,34.9205,12.9032,54.525,11.5
soqa,2.0,0.364054,6.03749383,1.565261478e-09,11.5417,0.1559,12.125,11.5
