Drupal,num,time,statistic,p_value,mean,std,max,min
ga,29.0,9.325875,6.65299144,2.8719491e-11,37.0225,6.2307,50.45,27.05
soqa,2.0,1.16988,6.65299144,2.8719491e-11,22.0292,0.1571,22.875,22.0
