E-Shop,num,time,statistic,p_value,mean,std,max,min
ga,5.0,75.18219,2.35479403,0.01853297487702655,364.855,26.2393,397.9,323.275
soqa,7.0,0.579266,2.35479403,0.01853297487702655,310.1643,28.7166,350.0,262.325
