ms,num,time,statistic,p_value,mean,std,max,min
ga,30.0,4.815614,6.65299144,2.8719491e-11,172.7667,11.9963,195.25,146.25
soqa,1.0,1.16988,6.65299144,2.8719491e-11,0.0,0.0,0.0,0.0
