Baan,num,time,statistic,p_value,mean,std,max,min
ga,91.3,0.374176,-4.08383483,0.006661626416139382,-17275.4015,3404.1897,-9710.4833,-22185.35
soqa,30.0,0.580164,-4.08383483,0.006661626416139382,-14775.5333,628.7989,-13204.5,-15964.0
