WebPortal,num,time,statistic,p_value,mean,std,max,min
ga,25.0,9.519763,5.78852501,7.100717748e-09,37.0768,13.6069,57.85,12.2
soqa,8.0,1.16988,5.78852501,7.100717748e-09,13.41,2.0887,20.35,12.2
