{"elapseds": [14.969239404, 13.803106081, 13.595810616], "iteration": 3, "total_num_anneals": [500, 500, 500]}