{"iteration": 30, "elapseds": [12.311367988586426, 12.360563516616821, 12.324734210968018, 12.410977363586426, 12.417717218399048, 12.50506854057312, 12.46671724319458, 12.486772298812866, 12.475607633590698, 12.52042269706726, 12.497384786605835, 12.524178981781006, 12.518572330474854, 9.944697380065918, 12.571924924850464, 12.588439464569092, 12.538957595825195, 12.591297626495361, 12.58642315864563, 12.598554611206055, 12.570435047149658, 12.478934288024902, 12.614778757095337, 12.614281177520752, 12.603052377700806, 12.694726467132568, 12.542873620986938, 12.508634090423584, 12.446805715560913, 12.626783609390259], "total_num_anneals": [1000, 1000, 1000, 1000, 1000, 1000, 1000, 1000, 1000, 1000, 1000, 1000, 1000, 1000, 1000, 1000, 1000, 1000, 1000, 1000, 1000, 1000, 1000, 1000, 1000, 1000, 1000, 1000, 1000, 1000]}