{"iteration": 30, "elapseds": [0.0047508, 0.0037548, 0.0047568, 0.0038394, 0.0035568, 0.0032826, 0.003561, 0.0036228000000000002, 0.0039461999999999995, 0.0037121999999999997, 0.0032994, 0.0035591999999999998, 0.00381, 0.004056, 0.00366, 0.004755, 0.0040212, 0.0040578, 0.0039258, 0.003393, 0.0039504, 0.004654800000000001, 0.0033972, 0.0039654, 0.0036696, 0.0041004, 0.0039384, 0.0048144, 0.0041088, 0.0033306], "total_num_anneals": [0, 0, 0, 0, 0, 0, 0, 0, 0, 0, 0, 0, 0, 0, 0, 0, 0, 0, 0, 0, 0, 0, 0, 0, 0, 0, 0, 0, 0, 0]}