{"elapseds": [2244.237734898, 2306.754870522, 2249.579765172], "iteration": 3, "total_num_anneals": [1000, 1000, 1000]}