{"elapseds": [1.387256849, 1.151284209, 1.073000133, 0.955999121, 0.910015194], "iteration": 5, "total_num_anneals": [20000.0, 20000.0, 20000.0, 20000.0, 20000.0]}