{"iteration": 3, "elapseds": [0.0068303999999999995, 0.0069918, 0.007353], "total_num_anneals": [0, 0, 0]}