{"iteration": 5, "elapseds": [0.134026, 0.141596, 0.137358, 0.138224, 0.143504], "total_num_anneals": [1000, 1000, 1000, 1000, 1000]}