{"iteration": 30, "elapseds": [245.0870063304901, 248.8235146999359, 245.78504419326782, 240.43904161453247, 237.46070194244385, 245.67909264564514, 258.113972902298, 236.72560572624207, 257.810259103775, 236.80516982078552, 245.57530069351196, 238.33916997909546, 222.45470595359802, 244.3538954257965, 249.3786175251007, 244.68080949783325, 246.78662753105164, 245.46368765830994, 253.3346562385559, 253.7970142364502, 257.4233603477478, 251.79636669158936, 242.98235273361206, 241.13390254974365, 241.6347894668579, 250.34229731559753, 249.8872640132904, 246.54128527641296, 266.2182960510254, 262.130895614624], "total_num_anneals": [1000, 1000, 1000, 1000, 1000, 1000, 1000, 1000, 1000, 1000, 1000, 1000, 1000, 1000, 1000, 1000, 1000, 1000, 1000, 1000, 1000, 1000, 1000, 1000, 1000, 1000, 1000, 1000, 1000, 1000]}