{"iteration": 15, "elapseds": [2.286842830588758, 2.4427683870782135, 2.5296134483482717, 2.2931659283648966, 2.501629012148917, 2.455861513724625, 2.5134977568268297, 2.3715069885822175, 2.555018872033286, 2.488400432945645, 2.5364180756260515, 2.5582214252604603, 2.4355807805482743, 2.549988210636389, 2.29384316688025], "total_num_anneals": [0, 0, 0, 0, 0, 0, 0, 0, 0, 0, 0, 0, 0, 0, 0]}