{"iteration": 30, "elapseds": [0.0043644, 0.0037056, 0.0036006, 0.0036576, 0.0036528000000000003, 0.0043824, 0.0044142, 0.0038724000000000002, 0.0036288, 0.0040356, 0.0040056, 0.0034782, 0.0038418000000000002, 0.0034284000000000003, 0.0034278000000000004, 0.0037151999999999997, 0.0036168000000000003, 0.004596, 0.004260600000000001, 0.003579, 0.0039312, 0.0036828000000000004, 0.0033996, 0.0035226, 0.0034038000000000002, 0.0037806, 0.0034368000000000003, 0.0034896, 0.003543, 0.004542], "total_num_anneals": [0, 0, 0, 0, 0, 0, 0, 0, 0, 0, 0, 0, 0, 0, 0, 0, 0, 0, 0, 0, 0, 0, 0, 0, 0, 0, 0, 0, 0, 0]}