{"elapseds": [5.985017419, 6.220574256, 5.945174467, 5.445486699, 5.779322259, 5.696108737, 5.281053612, 5.345285347, 5.062992427, 5.430904089, 5.234009259, 5.192101556, 5.536320363, 5.457503323, 5.063417534], "iteration": 15, "total_num_anneals": [500, 500, 500, 500, 500, 500, 500, 500, 500, 500, 500, 500, 500, 500, 500]}