{"iteration": 5, "elapseds": [0.88801, 0.9402200000000001, 0.91772, 0.9444300000000001, 0.88232], "total_num_anneals": [5000, 5000, 5000, 5000, 5000]}