{"elapseds": [8.771128184, 8.72155032, 7.950495796, 7.900442133, 7.944631517, 8.114253142, 7.738125146, 7.695848271, 8.179922687, 7.685254527, 7.606477114, 8.288497516, 8.219863838, 7.834974826, 8.036001029], "iteration": 15, "total_num_anneals": [500, 500, 500, 500, 500, 500, 500, 500, 500, 500, 500, 500, 500, 500, 500]}