{"iteration": 30, "elapseds": [2.6554512195289135, 2.5984009047970176, 2.569637371227145, 2.614195487461984, 2.606100356206298, 2.6018879413604736, 2.6152055645361543, 2.620153154246509, 2.5946434289216995, 2.6173836179077625, 2.6683197477832437, 2.7130723670125008, 2.617649749852717, 2.6150643015280366, 2.621676587499678, 2.6463347682729363, 2.6251066643744707, 2.6582121271640062, 2.6322044748812914, 2.6304502272978425, 2.6230857521295547, 2.6475000623613596, 2.606724312528968, 2.619502170011401, 2.600931929424405, 2.5820063147693872, 2.576056567952037, 2.5721279671415687, 2.563628708012402, 2.5843577180057764], "total_num_anneals": [0, 0, 0, 0, 0, 0, 0, 0, 0, 0, 0, 0, 0, 0, 0, 0, 0, 0, 0, 0, 0, 0, 0, 0, 0, 0, 0, 0, 0, 0]}