{"elapseds": [306.836295027, 302.219588433, 315.407088056, 314.135262436, 307.197383781, 312.634320125, 316.244187311, 305.992624866, 304.168037423, 304.89900567], "iteration": 10, "total_num_anneals": [1000, 1000, 1000, 1000, 1000, 1000, 1000, 1000, 1000, 1000]}