{"elapseds": [3464.213080462, 3468.715953551, 3428.651043389, 3433.616542774, 3444.371875066, 3443.716954004, 3423.005038638, 3410.076951914, 3413.868353232, 3449.560280358, 3721.126055333, 3716.555056666, 3737.240923728, 3748.510114304, 3733.228487329], "iteration": 15, "total_num_anneals": [1000, 1000, 1000, 1000, 1000, 1000, 1000, 1000, 1000, 1000, 1000, 1000, 1000, 1000, 1000]}