{"elapseds": [1.365998424, 1.081112504, 1.074640137, 0.822645446, 0.893773465], "iteration": 5, "total_num_anneals": [20000.0, 20000.0, 20000.0, 20000.0, 20000.0]}