{"iteration": 30, "elapseds": [0.006432, 0.006997199999999999, 0.006708, 0.0062478, 0.006975, 0.007036199999999999, 0.0062712, 0.0065928, 0.0072858, 0.0072786000000000005, 0.006523800000000001, 0.0066636, 0.006711600000000001, 0.0060678, 0.0061584, 0.0073968, 0.007437, 0.006432, 0.0074502, 0.0077424, 0.0060558, 0.00672, 0.0070853999999999995, 0.007047, 0.006515399999999999, 0.0064788, 0.007431, 0.007053, 0.0068016000000000005, 0.005892], "total_num_anneals": [0, 0, 0, 0, 0, 0, 0, 0, 0, 0, 0, 0, 0, 0, 0, 0, 0, 0, 0, 0, 0, 0, 0, 0, 0, 0, 0, 0, 0, 0]}