{"iteration": 30, "elapseds": [5.145302057266235, 5.142248153686523, 5.193725109100342, 5.2099995613098145, 5.146024227142334, 5.232468366622925, 5.226431369781494, 5.222924709320068, 5.145888328552246, 5.230564117431641, 5.2345592975616455, 5.2381110191345215, 5.16301965713501, 5.236857891082764, 5.260233402252197, 5.165516138076782, 5.1902995109558105, 5.259822607040405, 5.261740684509277, 5.189379930496216, 5.27276611328125, 5.269986867904663, 5.195992469787598, 5.2725138664245605, 5.178447723388672, 5.315885543823242, 5.183102369308472, 5.320167064666748, 5.189051866531372, 5.309351682662964], "total_num_anneals": [1000, 1000, 1000, 1000, 1000, 1000, 1000, 1000, 1000, 1000, 1000, 1000, 1000, 1000, 1000, 1000, 1000, 1000, 1000, 1000, 1000, 1000, 1000, 1000, 1000, 1000, 1000, 1000, 1000, 1000]}