{"elapseds": [1.22680501, 0.967183389, 0.953361007, 0.845633815, 0.734305738, 0.737593583, 0.737053355, 0.731683896, 0.744233322, 0.721200975, 0.736704932, 0.732198928, 0.73408285, 0.742078792, 0.732162351], "iteration": 15, "total_num_anneals": [1000, 1000, 1000, 1000, 1000, 1000, 1000, 1000, 1000, 1000, 1000, 1000, 1000, 1000, 1000]}