{"elapseds": [1.279095971, 1.162718349, 1.16103802, 0.898045859, 1.034133109, 0.849791669, 0.958540623, 0.888575376, 0.794521373, 0.788349153, 0.786787604, 0.787246083, 0.784908862, 0.940004323, 0.931584541, 0.843769209, 0.900332404, 0.879726531, 0.863007338, 0.900096928, 0.863218533, 0.879150477, 0.88313508, 0.866608718, 0.837452682, 0.815140671, 0.870391244, 0.810655281, 0.808615551, 0.870892094], "iteration": 30, "total_num_anneals": [100, 100, 100, 100, 100, 100, 100, 100, 100, 100, 100, 100, 100, 100, 100, 100, 100, 100, 100, 100, 100, 100, 100, 100, 100, 100, 100, 100, 100, 100]}