{"elapseds": [2.906193736, 2.531598177, 2.382309917, 2.787560478, 2.553754236], "iteration": 5, "total_num_anneals": [10000.0, 10000.0, 10000.0, 10000.0, 10000.0]}