rp,time,statistic,p_value,mean,std,max,min
sa,86.943981,12.21694444,0.0,11357.4655,4547.5578,18287.5,2875.0
soqa,0.152153,12.21694444,0.0,228.4925,353.0532,2675.5,0.0
