WebPortal,time,statistic,p_value,mean,std,max,min
sa,209.34387,12.21694444,0.0,128.5522,20.9512,135.575,34.55
soqa,0.13916,12.21694444,0.0,27.315,9.8662,68.925,3.1
