Baan,time,statistic,p_value,mean,std,max,min
sa,26.234564,-3.65520278,0.003552828807987458,-10434.4856,1270.6168,-7721.3833,-13057.3
soqa,0.006783,-3.65520278,0.003552828807987458,-9146.1444,1063.3035,-6868.8333,-11438.05
