WebPortal,time,statistic,p_value,mean,std,max,min
sa,17.888381,6.652991438591,2.8719491e-11,102.07,37.084,135.575,40.875
soqp,4.20926,6.652991438591,2.8719491e-11,3.48,1.2663,6.8,1.775
