ERS,time,statistic,p_value,mean,std,max,min
sa,24.062381,6.652991438591,2.8719491e-11,59.43,8.879,76.25,37.825
soqp,3.924202,6.652991438591,2.8719491e-11,0.0,0.0,0.0,0.0
