Amazon,time,statistic,p_value,mean,std,max,min
sa,68.512197,6.652991438591,2.8719491e-11,111.3617,17.8633,156.025,83.2
soqp,4.506096,6.652991438591,2.8719491e-11,20.1233,3.4651,26.15,14.35
