ms,num,time,statistic,p_value,mean,std,max,min
ga,28.0,1.955355,6.53543146,6.3426423e-11,214.6107,28.5411,268.175,149.55
soqa,3.0,0.421364,6.53543146,6.3426423e-11,1.9783,6.9396,27.825,0.0
