Amazon,time,statistic,p_value,mean,std,max,min
sa,62.009989,38.56887499,0.0,116.9378,14.9154,160.375,75.0
soqa,0.16506,38.56887499,0.0,62.5687,11.8296,101.05,31.775
