WebPortal,time,statistic,p_value,mean,std,max,min
sa,2.616569,6.58991122,4.8543337e-11,68.1105,11.42,90.7158,42.5758
soqa,0.004389,6.58991122,4.8543337e-11,25.4445,9.1642,48.59,9.965
