ERS,time,statistic,p_value,mean,std,max,min
sa,17.09114,38.1902306,0.0,57.0068,10.6346,84.075,25.275
soqa,0.118047,38.1902306,0.0,9.2749,8.206,66.475,0.0
