ms,time,statistic,p_value,mean,std,max,min
sa,13.684346,38.70668002,0.0,284.831,54.72,449.0,116.0
soqa,0.15234,38.70668002,0.0,31.956,31.6414,187.0,0.0
