WebPortal,num,time,statistic,p_value,mean,std,max,min
ga,28.0,4.986455,6.53543146,6.3426423e-11,41.2621,11.6962,65.3125,21.2125
soqa,1.0,4.08188,6.53543146,6.3426423e-11,11.55,0.0,11.55,11.55
