Baan,time,statistic,p_value,mean,std,max,min
sa,286.352752,-20.18156412,0.0,-10377.6595,1297.3848,-6508.0,-14938.0
soqa,0.233413,-20.18156412,0.0,-9127.435,1187.27,-5456.5,-13263.0
