rp,time,statistic,p_value,mean,std,max,min
sa,7.591664,6.652991438591,2.8719491e-11,11003.45,4295.0549,18287.5,6340.0
soqp,3.831526,6.652991438591,2.8719491e-11,0.0,0.0,0.0,0.0
