ms,time,statistic,p_value,mean,std,max,min
sa,2.960771,6.651513,2.9022759e-11,285.5033,53.9127,396.05,179.3167
soqa,0.004306,6.651513,2.9022759e-11,37.7578,29.2442,117.3,3.9667
