rp,time,statistic,p_value,mean,std,max,min
sa,4.444485,38.71968999,0.0,9035.935,1975.6698,15262.5,1835.5
soqa,0.152153,38.71968999,0.0,205.362,336.5079,2308.0,0.0
