Baan,time,statistic,p_value,mean,std,max,min
sa,3642.409855,-5.03338111,4.81903736798e-07,-10427.1855,1347.6304,-6414.5,-14786.0
soqa,0.233413,-5.03338111,4.81903736798e-07,-9182.8483,1165.2204,-4588.0,-13263.0
