Drupal,time,statistic,p_value,mean,std,max,min
sa,1.982869,6.65299144,2.8719491e-11,69.6905,11.0658,92.3775,45.7917
soqa,0.004278,6.65299144,2.8719491e-11,20.9434,2.7052,26.325,14.4975
