ms,time,statistic,p_value,mean,std,max,min
sa,14.677737,6.652991438591,2.8719491e-11,561.4,62.4679,573.0,225.0
soqp,4.25631,6.652991438591,2.8719491e-11,0.0,0.0,0.0,0.0
