rp,num,time,statistic,p_value,mean,std,max,min
ga,18.0,1.09737,5.10062677,3.38530547307e-07,756.5992,661.5325,2449.45,0.0
soqa,1.0,0.387094,5.10062677,3.38530547307e-07,0.0,0.0,0.0,0.0
