Baan,num,time,statistic,p_value,mean,std,max,min
ga,30.0,2.93431,-6.65299144,2.8719491e-11,-17896.025,878.5256,-16362.75,-19645.25
soqa,30.0,0.688808,-6.65299144,2.8719491e-11,-13672.9833,480.5369,-12711.5,-14632.75
