ERS,time,statistic,p_value,mean,std,max,min
sa,275.884672,12.21694444,0.0,57.4557,13.8145,113.725,28.1
soqa,0.118047,12.21694444,0.0,10.9291,9.6555,69.325,0.0
