ms,time,statistic,p_value,mean,std,max,min
sa,161.705166,12.21694444,0.0,567.815,39.8078,573.0,210.0
soqa,0.15234,12.21694444,0.0,35.561,25.5448,191.5,0.0
