rp,time,statistic,p_value,mean,std,max,min
sa,1.048841,6.65299144,2.8719491e-11,8963.0756,1855.4412,12832.7,5090.1833
soqa,0.0038,6.65299144,2.8719491e-11,252.2522,350.7273,1317.1833,0.0
