WebPortal,time,statistic,p_value,mean,std,max,min
sa,12.911591,38.2572939,0.0,67.81,11.6045,99.325,36.725
soqa,0.13916,38.2572939,0.0,26.5874,9.8606,68.925,3.3
