ERS,num,time,statistic,p_value,mean,std,max,min
ga,11.0,4.136768,-1.30558242,0.19169460205188804,68.3693,1.7255,72.3625,65.9875
soqa,4.0,3.78926,-1.30558242,0.19169460205188804,70.8625,2.7144,73.8875,66.4625
