Baan,time,statistic,p_value,mean,std,max,min
sa,323.980236,6.105967698085,1.021796735e-09,-10554.5333,1316.9712,-8113.0,-13553.5
soqp,6.8272,6.105967698085,1.021796735e-09,-12930.15,347.1864,-12158.0,-13677.0
