Drupal,num,time,statistic,p_value,mean,std,max,min
ga,30.0,5.162671,6.65299144,2.8719491e-11,38.0721,5.0893,45.775,27.0375
soqa,1.0,4.36412,6.65299144,2.8719491e-11,20.7,0.0,20.7,20.7
