ERS,time,statistic,p_value,mean,std,max,min
sa,2.375778,6.53446963,1.57332857e-10,56.6691,10.8613,79.555,34.0
soqa,0.003908,6.53446963,1.57332857e-10,10.0453,8.2133,37.9525,0.6067
