Drupal,time,statistic,p_value,mean,std,max,min
sa,126.355192,12.21694444,0.0,119.8833,31.3638,139.25,46.825
soqa,0.135853,12.21694444,0.0,21.1195,2.4192,31.2,16.2
