{"elapseds": [6.628129771, 5.444949563, 5.693559446, 5.543003251, 5.516767203, 5.774076343, 5.309488242, 5.413742753, 5.697028798, 5.232720545, 5.303557629, 5.44836641, 5.532883312, 5.351883386, 5.386801829], "iteration": 15, "total_num_anneals": [500, 500, 500, 500, 500, 500, 500, 500, 500, 500, 500, 500, 500, 500, 500]}