{"iteration": 5, "elapseds": [0.69329, 0.68472, 0.71023, 0.68904, 0.71825], "total_num_anneals": [5000, 5000, 5000, 5000, 5000]}