{"iteration": 30, "elapseds": [6.188521862030029, 6.26116418838501, 6.265564203262329, 6.218477487564087, 6.315323829650879, 6.295485258102417, 6.313969612121582, 6.2563629150390625, 6.3227949142456055, 6.342442750930786, 6.3449060916900635, 6.2757391929626465, 6.38518762588501, 6.366595029830933, 6.397925853729248, 6.298623323440552, 6.379228115081787, 6.41240930557251, 6.383849859237671, 6.303449630737305, 5.071246862411499, 5.083623170852661, 4.9603424072265625, 5.078790187835693, 5.007610321044922, 5.1385087966918945, 5.138707399368286, 5.023947477340698, 5.079468488693237, 5.050983428955078], "total_num_anneals": [1000, 1000, 1000, 1000, 1000, 1000, 1000, 1000, 1000, 1000, 1000, 1000, 1000, 1000, 1000, 1000, 1000, 1000, 1000, 1000, 1000, 1000, 1000, 1000, 1000, 1000, 1000, 1000, 1000, 1000]}