{"elapseds": [5.965682508, 4.880229397, 5.016709819], "iteration": 3, "total_num_anneals": [500, 500, 500]}