{"iteration": 5, "elapseds": [0.34604799999999997, 0.363668, 0.344196, 0.35422000000000003, 0.379416], "total_num_anneals": [2000, 2000, 2000, 2000, 2000]}