{"elapseds": [246.556691436, 249.106570922, 248.984908459], "iteration": 3, "total_num_anneals": [1000, 1000, 1000]}