{"elapseds": [5.471909354, 4.525631271, 4.797994792], "iteration": 3, "total_num_anneals": [500, 500, 500]}