{"elapseds": [0.803338624, 0.621514103, 0.611744613, 0.608412579, 0.609941747], "iteration": 5, "total_num_anneals": [10000.0, 10000.0, 10000.0, 10000.0, 10000.0]}