{"iteration": 3, "elapseds": [6.6359272438266155, 6.532599116313994, 6.5356980694414135], "total_num_anneals": [0, 0, 0]}