{"iteration": 3, "elapseds": [1.1460089190418572, 1.300800282970073, 1.1490830180104532], "total_num_anneals": [0, 0, 0]}