{"elapseds": [0.795214519, 0.597602417, 0.522058292, 0.553486866, 0.583764334, 0.528419295, 0.446209832, 0.414114691, 0.419303339, 0.474514213, 0.453844035, 0.431286715, 0.503369967, 0.418105937, 0.412046093], "iteration": 15, "total_num_anneals": [1000, 1000, 1000, 1000, 1000, 1000, 1000, 1000, 1000, 1000, 1000, 1000, 1000, 1000, 1000]}