{"elapseds": [0.527440211, 0.27829454, 0.294578802, 0.297424016, 0.360959219, 0.280522685, 0.295321485, 0.312718542, 0.396585852, 0.292830345, 0.292865791, 0.350893643, 0.272205665, 0.231602027, 0.283910525, 0.316880707, 0.243502969, 0.319073447, 0.329922219, 0.230286711, 0.239347491, 0.342810767, 0.239383315, 0.325664938, 0.312352189, 0.249901082, 0.237416438, 0.236728961, 0.269452218, 0.235539442], "iteration": 30, "total_num_anneals": [100, 100, 100, 100, 100, 100, 100, 100, 100, 100, 100, 100, 100, 100, 100, 100, 100, 100, 100, 100, 100, 100, 100, 100, 100, 100, 100, 100, 100, 100]}