{"iteration": 5, "elapseds": [0.138496, 0.146612, 0.14471, 0.14148600000000003, 0.136648], "total_num_anneals": [1000, 1000, 1000, 1000, 1000]}