{"iteration": 3, "elapseds": [263.95099538792203, 263.8834253290004, 264.13144095724425], "total_num_anneals": [1000, 1000, 1000]}