{"iteration": 5, "elapseds": [0.402724, 0.440876, 0.4417439999999999, 0.44116400000000006, 0.4445319999999999], "total_num_anneals": [2000, 2000, 2000, 2000, 2000]}