{"elapseds": [11.416587228, 10.298457164, 11.275087508, 9.721006356, 9.960203925, 9.940081302, 9.813689039, 9.795403355, 9.662795625, 9.678287669, 9.714800522, 9.949751085, 9.735583675, 10.139168085, 9.613397209], "iteration": 15, "total_num_anneals": [1000, 1000, 1000, 1000, 1000, 1000, 1000, 1000, 1000, 1000, 1000, 1000, 1000, 1000, 1000]}