{"iteration": 3, "elapseds": [185.88589405985584, 189.62676025629045, 190.91672706934924], "total_num_anneals": [1000, 1000, 1000]}