{"iteration": 30, "elapseds": [156.10561609268188, 155.03109192848206, 154.71569895744324, 142.58023858070374, 143.02040266990662, 131.31242418289185, 130.447261095047, 132.7264335155487, 136.7179400920868, 132.74600863456726, 155.54839944839478, 151.36153769493103, 128.5896339416504, 148.36060333251953, 153.61367964744568, 139.78830480575562, 150.95391392707825, 129.09376907348633, 140.67864394187927, 136.6002242565155, 147.7389235496521, 139.1331067085266, 140.7472860813141, 141.5024118423462, 135.66254711151123, 129.12378597259521, 139.6741681098938, 136.5100712776184, 142.70467281341553, 145.6150987148285], "total_num_anneals": [1000, 1000, 1000, 1000, 1000, 1000, 1000, 1000, 1000, 1000, 1000, 1000, 1000, 1000, 1000, 1000, 1000, 1000, 1000, 1000, 1000, 1000, 1000, 1000, 1000, 1000, 1000, 1000, 1000, 1000]}