{"iteration": 6, "elapseds": [20.92671114951372, 18.308503857813776, 21.787794440984726, 20.71055130660534, 19.154192962683737, 17.37434329278767], "total_num_anneals": [0, 0, 0, 0, 0, 0]}