{"iteration": 3, "elapseds": [41.58562486618757, 37.40594119671732, 35.80706787388772], "total_num_anneals": [0, 0, 0]}