{"iteration": 15, "elapseds": [28.429519460330738, 20.768451591320325, 27.891884434798108, 38.276039560741076, 31.829446567807675, 46.403778624808524, 35.463718262535345, 37.279267329065526, 49.664381377573136, 54.28589278507975, 14.209629879283893, 14.985388116806329, 11.914866516920435, 6.459040651292574, 6.467862754012764], "total_num_anneals": [0, 0, 0, 0, 0, 0, 0, 0, 0, 0, 0, 0, 0, 0, 0]}