{"iteration": 6, "elapseds": [6.681268236254775, 6.670088792760182, 6.579915786078358, 6.90985916020391, 6.5804959546905994, 7.045014288063836], "total_num_anneals": [0, 0, 0, 0, 0, 0]}