{"iteration": 30, "elapseds": [6.899128100000041, 7.104600699999975, 7.66109369999998, 10.90367339999998, 10.589241999999969, 9.385167299999964, 8.227775199999915, 7.729625099999971, 7.758554599999862, 8.042857000000051, 7.6561718999999675, 7.2136718999998495, 7.321135800000091, 7.4020748, 7.50518220000006, 7.983027999999945, 9.343264500000164, 8.830195499999874, 8.344717399999702, 9.448205400000099, 10.893657800000051, 9.6205564000004, 8.052750100000248, 8.149006500000455, 8.244073900000194, 8.042826000000204, 8.139672799999628, 7.432802499999693, 7.1859259999997604, 7.149323199999432], "total_num_anneals": [0, 0, 0, 0, 0, 0, 0, 0, 0, 0, 0, 0, 0, 0, 0, 0, 0, 0, 0, 0, 0, 0, 0, 0, 0, 0, 0, 0, 0, 0]}