{"iteration": 3, "elapseds": [0.004214399999999999, 0.004471800000000001, 0.004221], "total_num_anneals": [0, 0, 0]}