{"elapseds": [40.251350312, 38.966685493, 38.962914006, 38.61482635, 37.930514738, 37.933254229, 38.575934656, 38.881299162, 38.921320799, 37.324022469, 38.001779194, 38.568428754, 38.285337961, 37.724408517, 38.128001135], "iteration": 15, "total_num_anneals": [500, 500, 500, 500, 500, 500, 500, 500, 500, 500, 500, 500, 500, 500, 500]}