{"iteration": 3, "elapseds": [28.14528948161751, 28.20458599552512, 28.111509543843567], "total_num_anneals": [0, 0, 0]}