{"elapseds": [5.186265987, 4.8717488, 4.928180505], "iteration": 3, "total_num_anneals": [1000, 1000, 1000]}