{"elapseds": [0.73671475, 0.562037626, 0.488198359, 0.438741225, 0.36782026, 0.459352529, 0.355131745, 0.344323361, 0.358145695, 0.361952257, 0.341533136, 0.446405589, 0.427029507, 0.402228711, 0.447555914, 0.347898507, 0.360325415, 0.378311099, 0.340104362, 0.442318904, 0.488724466, 0.448204012, 0.438382013, 0.347631553, 0.346575155, 0.350097796, 0.414666456, 0.427327314, 0.343244611, 0.339679969], "iteration": 30, "total_num_anneals": [100, 100, 100, 100, 100, 100, 100, 100, 100, 100, 100, 100, 100, 100, 100, 100, 100, 100, 100, 100, 100, 100, 100, 100, 100, 100, 100, 100, 100, 100]}