{"elapseds": [0.790518192, 0.586004729, 0.482405261, 0.399633383, 0.33033088, 0.333106908, 0.336624802, 0.328542298, 0.326821985, 0.350034851, 0.338546172, 0.328390125, 0.342353548, 0.391231811, 0.330573042], "iteration": 15, "total_num_anneals": [1000, 1000, 1000, 1000, 1000, 1000, 1000, 1000, 1000, 1000, 1000, 1000, 1000, 1000, 1000]}