{"iteration": 30, "elapseds": [1.9751257933676243, 1.9843438025563955, 1.9711815612390637, 1.9805625565350056, 1.98005529679358, 1.9964337712153792, 1.976170309819281, 1.9872499471530318, 1.9762077536433935, 1.99036571290344, 1.9661831390112638, 1.9789403742179275, 1.9735598685219884, 2.0077412771061063, 1.9696803223341703, 1.978828270919621, 1.9835988795384765, 1.9800343485549092, 1.9720849692821503, 1.9885592395439744, 1.9777072817087173, 1.9916044501587749, 1.9798772344365716, 1.9953474886715412, 1.9775659749284387, 1.988955244421959, 1.9745454043149948, 2.011469849385321, 1.9787005512043834, 1.99338982347399], "total_num_anneals": [0, 0, 0, 0, 0, 0, 0, 0, 0, 0, 0, 0, 0, 0, 0, 0, 0, 0, 0, 0, 0, 0, 0, 0, 0, 0, 0, 0, 0, 0]}