{"iteration": 30, "elapseds": [24.780366139486432, 25.21835040487349, 29.87065930850804, 28.55430561490357, 25.405397586524487, 26.144108300097287, 26.13465420436114, 25.315615356899798, 26.477312141098082, 25.148378144018352, 25.15305226482451, 24.81394022423774, 24.794196443632245, 26.283047191798687, 29.616943545639515, 25.76371939945966, 26.170228234492242, 25.8352617546916, 26.050303861498833, 25.424030726775527, 25.945796137675643, 25.178244534879923, 25.053085947409272, 24.897935680113733, 24.71538640372455, 31.63425107114017, 31.693857852369547, 25.265975484624505, 24.858342873863876, 24.840184589847922], "total_num_anneals": [0, 0, 0, 0, 0, 0, 0, 0, 0, 0, 0, 0, 0, 0, 0, 0, 0, 0, 0, 0, 0, 0, 0, 0, 0, 0, 0, 0, 0, 0]}