{"elapseds": [3062.845515338, 3089.260765217, 3015.05591354, 3039.565009002, 3060.724790002, 3151.707099965, 3153.43714501, 3199.502272569, 3200.403704585, 3180.542610595, 3194.066944766, 3278.986208959, 3249.500977739, 3087.070129473, 3085.625523162], "iteration": 15, "total_num_anneals": [1000, 1000, 1000, 1000, 1000, 1000, 1000, 1000, 1000, 1000, 1000, 1000, 1000, 1000, 1000]}