{"elapseds": [280.681135063, 273.3354518, 272.638860136, 272.84186264, 275.754200271, 284.292673124, 279.432244389, 273.759864995, 276.594239511, 281.719288391], "iteration": 10, "total_num_anneals": [1000, 1000, 1000, 1000, 1000, 1000, 1000, 1000, 1000, 1000]}