{"elapseds": [1.266175554, 0.938926784, 0.925188394, 0.775227635, 0.719304009, 0.747913609, 0.711217362, 0.708638492, 0.697936938, 0.852799228, 0.709319959, 0.70085625, 0.803842262, 0.719025719, 0.872010746, 0.708162051, 0.774814348, 0.70523618, 0.710978306, 0.777311469, 0.731774407, 0.715447549, 0.697322425, 0.722880578, 0.799121675, 0.830112547, 0.87715958, 0.830602119, 0.813270887, 0.861443132], "iteration": 30, "total_num_anneals": [100, 100, 100, 100, 100, 100, 100, 100, 100, 100, 100, 100, 100, 100, 100, 100, 100, 100, 100, 100, 100, 100, 100, 100, 100, 100, 100, 100, 100, 100]}