{"elapseds": [1.16373394, 0.896306126, 0.859482303, 0.737455248, 0.675725152, 0.679344173, 0.69750093, 0.66068226, 0.655297509, 0.663503407, 0.65423554, 0.654947171, 0.664827101, 0.666356965, 0.653225678], "iteration": 15, "total_num_anneals": [1000, 1000, 1000, 1000, 1000, 1000, 1000, 1000, 1000, 1000, 1000, 1000, 1000, 1000, 1000]}