{"iteration": 3, "elapseds": [6.015253985005141, 5.914059415062021, 6.226411647987512], "total_num_anneals": [0, 0, 0]}