{"elapseds": [0.538806469, 0.407171602, 0.309056469, 0.289318439, 0.287665298, 0.299043086, 0.293382661, 0.218117937, 0.214217546, 0.277167028, 0.205290974, 0.200949779, 0.200528832, 0.211752694, 0.231800279], "iteration": 15, "total_num_anneals": [1000, 1000, 1000, 1000, 1000, 1000, 1000, 1000, 1000, 1000, 1000, 1000, 1000, 1000, 1000]}