{"elapseds": [0.37571296, 0.21438145, 0.240815171, 0.223993438, 0.224299356, 0.199572603, 0.1487823, 0.149751449, 0.145818746, 0.145722024, 0.145924804, 0.147335272, 0.220968228, 0.223260606, 0.124815104, 0.165344617, 0.10815052, 0.162882002, 0.165666705, 0.106516842, 0.214917932, 0.160440298, 0.15916913, 0.182266639, 0.161782413, 0.162681006, 0.164682856, 0.169551767, 0.165770137, 0.169167695], "iteration": 30, "total_num_anneals": [100, 100, 100, 100, 100, 100, 100, 100, 100, 100, 100, 100, 100, 100, 100, 100, 100, 100, 100, 100, 100, 100, 100, 100, 100, 100, 100, 100, 100, 100]}