{"iteration": 30, "elapseds": [35.725005865097046, 35.883137464523315, 35.343931913375854, 36.23368692398071, 32.06982636451721, 37.469557762145996, 35.22376346588135, 36.099215269088745, 35.22153830528259, 38.49663782119751, 37.36982321739197, 35.68213486671448, 37.24525547027588, 34.90693235397339, 35.88170146942139, 38.771952867507935, 36.687944412231445, 35.96428346633911, 35.91723370552063, 36.122368574142456, 35.0149872303009, 35.96188163757324, 36.8324031829834, 36.99520707130432, 38.83943772315979, 35.81242895126343, 35.574427127838135, 36.12202525138855, 35.27536201477051, 35.65399646759033], "total_num_anneals": [1000, 1000, 1000, 1000, 1000, 1000, 1000, 1000, 1000, 1000, 1000, 1000, 1000, 1000, 1000, 1000, 1000, 1000, 1000, 1000, 1000, 1000, 1000, 1000, 1000, 1000, 1000, 1000, 1000, 1000]}