{"elapseds": [2.619814098, 2.1284438, 2.006500426], "iteration": 3, "total_num_anneals": [1000, 1000, 1000]}