{"iteration": 5, "elapseds": [0.234922, 0.22894599999999998, 0.227192, 0.225826, 0.229278], "total_num_anneals": [1000, 1000, 1000, 1000, 1000]}