{"iteration": 3, "elapseds": [256.80982671804264, 257.6640610772316, 267.62936313591564], "total_num_anneals": [1000, 1000, 1000]}