{"iteration": 30, "elapseds": [17.963140268810093, 18.01375123951584, 18.093808411620557, 18.245796906761825, 18.191696756519377, 18.19748047646135, 18.1996903270483, 18.228845444507897, 18.184055222198367, 18.17063014395535, 18.295602267608047, 18.227692297659814, 17.974839547649026, 17.89201483875513, 17.920028187334538, 17.9256222685799, 17.846606507897377, 17.88699819147587, 17.869198916479945, 17.970741911791265, 17.965173387899995, 17.842168307863176, 17.82341504469514, 17.84221775829792, 17.87573802098632, 17.88156560342759, 17.856490752659738, 17.974350456148386, 17.908131724223495, 17.96774164866656], "total_num_anneals": [0, 0, 0, 0, 0, 0, 0, 0, 0, 0, 0, 0, 0, 0, 0, 0, 0, 0, 0, 0, 0, 0, 0, 0, 0, 0, 0, 0, 0, 0]}