{"iteration": 3, "elapseds": [3.8044996800017543, 3.7856459760223515, 3.800727164023556], "total_num_anneals": [0, 0, 0]}