{"elapseds":[0.706951063,0.589869141,0.479174337,0.467765673,0.331979539,0.326319418,0.339013208,0.320834939,0.319492182,0.341421315,0.339030117,0.327414432,0.323422152,0.340003787,0.381696338,0.327245194,0.413009476,0.337006813,0.328468262,0.317746117,0.333924831,0.332660445,0.326584888,0.332042053,0.353965983,0.401532068,0.39722078,0.329276306,0.40469032,0.355517399],"iteration":30}
