{"elapseds": [0.515474475, 0.342288773, 0.380860426, 0.308938051, 0.302581918], "iteration": 5, "total_num_anneals": [5000.0, 5000.0, 5000.0, 5000.0, 5000.0]}