{"iteration": 3, "elapseds": [0.23049502818779946, 0.21834098445848227, 0.22285118075598478], "total_num_anneals": [0, 0, 0]}