{"iteration": 3, "elapseds": [2.123324647266114, 2.336680289483702, 2.3123362021881344], "total_num_anneals": [0, 0, 0]}