{"iteration": 5, "elapseds": [0.72954, 0.68272, 0.70241, 0.70362, 0.72647], "total_num_anneals": [5000, 5000, 5000, 5000, 5000]}