{"iteration": 3, "elapseds": [0.6125242710113525, 0.6198320388793945, 0.6108083724975586], "total_num_anneals": [100, 100, 100]}