{"elapseds": [12556.608759756, 12167.125637014, 11866.554276883, 11328.564643132, 11512.181349898, 11530.014436631, 12033.638968955, 11726.46456676, 12028.188587598, 12592.258918464, 13011.78848408, 12169.076206758, 12362.46586295, 12638.179556006, 12704.394468616], "iteration": 15, "total_num_anneals": [1000, 1000, 1000, 1000, 1000, 1000, 1000, 1000, 1000, 1000, 1000, 1000, 1000, 1000, 1000]}