{"elapseds": [1591.587978218, 1613.574096764, 1540.888682372, 1520.128443267, 1548.233268783, 1561.537747894, 1548.668199935, 1556.236107078, 1546.649543836, 1560.36274271], "iteration": 10, "total_num_anneals": [1000, 1000, 1000, 1000, 1000, 1000, 1000, 1000, 1000, 1000]}