{"elapseds": [77.61398424, 79.995367606, 75.963284421, 76.455464679, 75.818614298, 75.94113901, 75.737463552, 76.78531667, 76.346381262, 77.430025255, 76.662944477, 74.997680095, 74.558552256, 75.151632846, 76.444591363], "iteration": 15, "total_num_anneals": [1000, 1000, 1000, 1000, 1000, 1000, 1000, 1000, 1000, 1000, 1000, 1000, 1000, 1000, 1000]}