{"iteration": 6, "elapseds": [1.5675435626998664, 1.7104215059961438, 1.7739791671225429, 1.7797343748352648, 1.7262589391492962, 1.6763284459912657], "total_num_anneals": [0, 0, 0, 0, 0, 0]}