{"iteration": 3, "elapseds": [0.231606, 0.22490000000000002, 0.216482], "total_num_anneals": [1000, 1000, 1000]}