{"iteration": 3, "elapseds": [281.7213596829658, 281.5562811407968, 286.8106316100925], "total_num_anneals": [1000, 1000, 1000]}