{"iteration": 3, "elapseds": [0.228494, 0.23022800000000002, 0.226892], "total_num_anneals": [1000, 1000, 1000]}