{"iteration": 3, "elapseds": [26.669498341158032, 26.759041342884302, 26.699584235437214], "total_num_anneals": [0, 0, 0]}