{"iteration": 30, "elapseds": [277.9405572200194, 279.43805911485106, 281.11065914016217, 279.8755765389651, 368.9415886318311, 400.516831677407, 484.22547990176827, 507.94739149324596, 554.1691006748006, 511.6905790315941, 560.760321832262, 523.2517509395257, 552.5069506457075, 490.6185673531145, 556.7546893842518, 295.1719510694966, 432.58203743956983, 375.9980624038726, 535.2753940764815, 405.4426766196266, 402.69575755950063, 365.1878538057208, 357.35029166098684, 344.43408045358956, 377.0865658419207, 356.40569539461285, 375.2909879712388, 408.2107060216367, 371.72980295307934, 402.31711275316775], "total_num_anneals": [0, 0, 0, 0, 0, 0, 0, 0, 0, 0, 0, 0, 0, 0, 0, 0, 0, 0, 0, 0, 0, 0, 0, 0, 0, 0, 0, 0, 0, 0]}