{"iteration": 5, "elapseds": [0.186376, 0.188374, 0.196156, 0.18306200000000003, 0.183968], "total_num_anneals": [1000, 1000, 1000, 1000, 1000]}