{"iteration": 3, "elapseds": [173.42042399474377, 178.3140594698851, 169.1612802096751], "total_num_anneals": [1000, 1000, 1000]}