{"iteration": 5, "elapseds": [0.273188, 0.27988399999999997, 0.2709, 0.259928, 0.273024], "total_num_anneals": [2000, 2000, 2000, 2000, 2000]}