{"elapseds": [0.375583853, 0.267679524, 0.208944349, 0.178010523, 0.17547002], "iteration": 5, "total_num_anneals": [5000.0, 5000.0, 5000.0, 5000.0, 5000.0]}