{"elapseds": [4.483947588, 3.987044131, 3.921893889, 3.990598817, 3.963973385, 3.773730571, 3.843340314, 3.66145919, 3.811658039, 3.719677883, 4.003819743, 3.682610422, 3.777873176, 3.808390289, 3.935507131], "iteration": 15, "total_num_anneals": [1000, 1000, 1000, 1000, 1000, 1000, 1000, 1000, 1000, 1000, 1000, 1000, 1000, 1000, 1000]}