{"elapseds": [4.816270391, 4.869863152, 4.719634449, 4.423486202, 4.541223079, 4.437037959, 4.449818094, 4.199097754, 4.109819863, 4.382140834, 4.06966184, 4.231631346, 4.308320694, 4.410156078, 4.394428791, 4.422594623, 4.635014858, 4.345558572, 4.022799766, 4.207169048, 4.191045671, 4.047695305, 3.855565937, 4.058915206, 4.154896153, 4.189659936, 4.091804466, 4.066680698, 4.006677258, 4.198096289], "iteration": 30, "total_num_anneals": [100, 100, 100, 100, 100, 100, 100, 100, 100, 100, 100, 100, 100, 100, 100, 100, 100, 100, 100, 100, 100, 100, 100, 100, 100, 100, 100, 100, 100, 100]}