{"elapseds": [1.006048074, 0.73254467, 0.733759282, 0.711925826, 0.527968727], "iteration": 5, "total_num_anneals": [20000.0, 20000.0, 20000.0, 20000.0, 20000.0]}