{"elapseds": [1.258324904, 1.01972817, 0.915952301, 0.724138917, 0.758110031], "iteration": 5, "total_num_anneals": [20000.0, 20000.0, 20000.0, 20000.0, 20000.0]}