{"iteration": 5, "elapseds": [0.20530800000000002, 0.222874, 0.22181199999999998, 0.220308, 0.22711200000000004], "total_num_anneals": [1000, 1000, 1000, 1000, 1000]}