{"iteration": 6, "elapseds": [0.2225096475382328, 0.23678558497562407, 0.21592423070737124, 0.2217970000834465, 0.23226712685137987, 0.2138563943844676], "total_num_anneals": [0, 0, 0, 0, 0, 0]}