{"iteration": 30, "elapseds": [0.1553179000000018, 0.1506764999999911, 0.15462829999999925, 0.20918510000000903, 0.1450402999999936, 0.14475390000000182, 0.14466979999999482, 0.1464342999999913, 0.1406947000000097, 0.14807040000001034, 0.13700630000001082, 0.14200420000000483, 0.13994559999998335, 0.1676699000000346, 0.14157209999999718, 0.17376309999999465, 0.16613759999999134, 0.14260680000000314, 0.16251660000001739, 0.13870310000001315, 0.1458866000000119, 0.14042200000000687, 0.14088190000002543, 0.1561202000000077, 0.16870619999998543, 0.19412829999992237, 0.19106339999997224, 0.18636639999999358, 0.1667099000000374, 0.14818000000000264], "total_num_anneals": [0, 0, 0, 0, 0, 0, 0, 0, 0, 0, 0, 0, 0, 0, 0, 0, 0, 0, 0, 0, 0, 0, 0, 0, 0, 0, 0, 0, 0, 0]}