{"iteration": 15, "elapseds": [1.2461340638913632, 0.3448729273918748, 0.20884213959463835, 0.19227890580964088, 0.1709472622753501, 0.18343576969515085, 0.21395520758274794, 0.248291789275527, 0.25634165570112466, 0.21351305097869636, 0.1753790402366638, 0.1792100983762622, 0.18753266850128175, 1.293336135804963, 1.2290524678258659], "total_num_anneals": [0, 0, 0, 0, 0, 0, 0, 0, 0, 0, 0, 0, 0, 0, 0]}