{"iteration": 6, "elapseds": [2.100567425367451, 1.8553306039706945, 2.0044751009962916, 1.7279457252791404, 2.0148735530481936, 2.09819330175277], "total_num_anneals": [0, 0, 0, 0, 0, 0]}