{"elapseds": [10.884036703, 9.465829017, 9.11859135], "iteration": 3, "total_num_anneals": [500, 500, 500]}