{"iteration": 3, "elapseds": [219.38223145582901, 215.43678248543603, 221.41908016954997], "total_num_anneals": [1000, 1000, 1000]}