{"iteration": 30, "elapseds": [379.8443765640259, 358.8100423812866, 357.63733172416687, 389.6474449634552, 357.6739661693573, 380.6621322631836, 367.6632936000824, 362.20458817481995, 364.551673412323, 360.15772795677185, 354.01649236679077, 355.20213556289673, 358.00620794296265, 358.3774597644806, 351.38517689704895, 373.6442012786865, 385.4974844455719, 338.7467348575592, 359.5546441078186, 366.5242648124695, 369.977219581604, 388.5887360572815, 371.9410924911499, 393.1852948665619, 346.0843322277069, 388.7237503528595, 366.48647379875183, 367.7177183628082, 358.95956563949585, 379.90196919441223], "total_num_anneals": [1000, 1000, 1000, 1000, 1000, 1000, 1000, 1000, 1000, 1000, 1000, 1000, 1000, 1000, 1000, 1000, 1000, 1000, 1000, 1000, 1000, 1000, 1000, 1000, 1000, 1000, 1000, 1000, 1000, 1000]}