{"iteration": 3, "elapseds": [2169.2073724269867, 1679.2424788475037, 1795.4343638420105], "total_num_anneals": [1000, 1000, 1000]}