{"iteration": 3, "elapseds": [360.6254858970642, 373.78420400619507, 364.42812609672546], "total_num_anneals": [1000, 1000, 1000]}