{"iteration": 5, "elapseds": [0.132106, 0.12251999999999999, 0.12439800000000001, 0.12754800000000002, 0.12860799999999997], "total_num_anneals": [1000, 1000, 1000, 1000, 1000]}