{"iteration": 6, "elapseds": [57.63326848205179, 58.098233019933105, 58.32916987501085, 58.463480453938246, 58.591582641005516, 58.62355184555054], "total_num_anneals": [0, 0, 0, 0, 0, 0]}