{"iteration": 3, "elapseds": [60.02813131455332, 59.73235586564988, 59.99427498783916], "total_num_anneals": [0, 0, 0]}