{"elapseds": [115890.088207199, 119756.876704265, 123322.241948886, 123526.729888318, 115130.288373918, 118837.771197085], "iteration": 6, "total_num_anneals": [1000, 1000, 1000, 1000, 1000, 1000]}