{"elapseds": [3207.934591248, 3241.951750713, 3243.181535579, 3233.830970494, 3234.607574992, 3232.583722893, 3314.341177704, 3176.400034868, 3202.331072553, 3269.042792373], "iteration": 10, "total_num_anneals": [1000, 1000, 1000, 1000, 1000, 1000, 1000, 1000, 1000, 1000]}