{"iteration": 3, "elapseds": [0.14220099897393434, 0.20228472100429312, 0.20586652003304362], "total_num_anneals": [0, 0, 0]}