{"elapseds": [0.824038843, 0.668075525, 0.454122845, 0.395544484, 0.406663003], "iteration": 5, "total_num_anneals": [10000.0, 10000.0, 10000.0, 10000.0, 10000.0]}