{"iteration": 5, "elapseds": [0.7241799999999999, 0.7428999999999999, 0.68206, 0.69953, 0.7281500000000001], "total_num_anneals": [5000, 5000, 5000, 5000, 5000]}