{"iteration": 6, "elapseds": [16.744770608842373, 16.796319822780788, 16.757425534538925, 16.80928087979555, 16.978804817423224, 16.772098241373897], "total_num_anneals": [0, 0, 0, 0, 0, 0]}