{"iteration": 3, "elapseds": [2.6114413738250732, 2.461181163787842, 2.3322033882141113], "total_num_anneals": [100, 100, 100]}