{"elapseds": [4.914371807, 4.54621699, 4.54152768, 4.639824239, 4.250941503], "iteration": 5, "total_num_anneals": [20000.0, 20000.0, 20000.0, 20000.0, 20000.0]}