{"iteration": 3, "elapseds": [0.06330062703603358, 0.06450972699209676, 0.06512234400174767], "total_num_anneals": [0, 0, 0]}