{"iteration": 3, "elapseds": [0.13862, 0.147858, 0.137484], "total_num_anneals": [1000, 1000, 1000]}