{"iteration": 3, "elapseds": [298.7481197081982, 370.9158487802554, 315.56243531750334], "total_num_anneals": [1000, 1000, 1000]}