{"iteration": 30, "elapseds": [142.91344565805048, 151.66014929581434, 152.5206590751186, 144.5122870421037, 142.95178613439202, 145.57715523336083, 145.9465365195647, 144.44327882211655, 142.12621279712766, 145.90515522565693, 142.6545056272298, 144.4085934953764, 146.17981770075858, 143.93914272543043, 144.93772348575294, 145.07895059883595, 143.31506880186498, 149.0341012161225, 144.24383244849741, 154.29877904988825, 146.07750286441296, 148.1822174983099, 147.34743592701852, 164.86843974981457, 162.8075164332986, 150.63627241086215, 149.54977848753333, 150.23102310858667, 145.13418648019433, 143.88656241819263], "total_num_anneals": [0, 0, 0, 0, 0, 0, 0, 0, 0, 0, 0, 0, 0, 0, 0, 0, 0, 0, 0, 0, 0, 0, 0, 0, 0, 0, 0, 0, 0, 0]}