{"iteration": 3, "elapseds": [26.774199787992984, 26.67915839800844, 26.76891804195475], "total_num_anneals": [0, 0, 0]}