{"elapseds": [3.328978836, 2.83858965, 2.832473485, 2.764284804, 2.767577745, 2.704627723, 2.421141065, 2.465832496, 2.4506711, 2.381048324, 2.625326633, 2.621376942, 2.649868015, 2.475710257, 2.387733292], "iteration": 15, "total_num_anneals": [500, 500, 500, 500, 500, 500, 500, 500, 500, 500, 500, 500, 500, 500, 500]}