{"iteration": 5, "elapseds": [0.62279, 0.6473, 0.67284, 0.6632200000000001, 0.6278900000000001], "total_num_anneals": [5000, 5000, 5000, 5000, 5000]}