{"iteration": 5, "elapseds": [1.1806799999999997, 1.1735600000000002, 1.11856, 1.1334600000000001, 1.13303], "total_num_anneals": [5000, 5000, 5000, 5000, 5000]}