{"elapseds": [4.853351017, 4.398481579, 4.398272585, 4.403772912, 4.523306142], "iteration": 5, "total_num_anneals": [20000.0, 20000.0, 20000.0, 20000.0, 20000.0]}