{"elapseds": [1.309658216, 1.051048799, 0.984145048, 0.785300272, 0.831273146], "iteration": 5, "total_num_anneals": [20000.0, 20000.0, 20000.0, 20000.0, 20000.0]}