{"iteration": 3, "elapseds": [217.8471618590425, 219.21216530333112, 216.2376279413603], "total_num_anneals": [1000, 1000, 1000]}