{"iteration": 3, "elapseds": [0.0069372, 0.007149, 0.0074472], "total_num_anneals": [0, 0, 0]}