{"elapseds": [2332.006971031, 2290.681949407, 2289.404605226], "iteration": 3, "total_num_anneals": [1000, 1000, 1000]}