{"elapseds": [2.840396846, 2.622662313, 2.593537998, 2.274666934, 2.451326303, 2.747772951, 2.642184367, 2.51723998, 2.439414574, 2.464260954, 2.382037406, 2.693192254, 2.577068935, 2.569070308, 2.739091952, 2.631488962, 2.521357785, 2.530493892, 2.410352439, 2.515083701, 2.545729948, 2.525497385, 2.576209287, 2.4441082, 2.343776172, 2.422157168, 2.557258137, 2.459632571, 2.708640483, 2.454432308], "iteration": 30, "total_num_anneals": [100, 100, 100, 100, 100, 100, 100, 100, 100, 100, 100, 100, 100, 100, 100, 100, 100, 100, 100, 100, 100, 100, 100, 100, 100, 100, 100, 100, 100, 100]}