{"elapseds": [2.595316259, 2.588922811, 2.525874613, 2.294952432, 2.20873234, 2.266647079, 2.55582718, 2.520780526, 2.337017474, 2.316208622], "iteration": 10, "total_num_anneals": [1000, 1000, 1000, 1000, 1000, 1000, 1000, 1000, 1000, 1000]}