{"elapseds": [55.544371811, 55.675397172, 54.85858835, 55.010167135, 54.215666592, 53.374629426, 53.302068854, 54.769709672, 54.47034236, 54.594271319, 54.400745753, 53.734276584, 54.233727733, 53.279973171, 53.939331459], "iteration": 15, "total_num_anneals": [1000, 1000, 1000, 1000, 1000, 1000, 1000, 1000, 1000, 1000, 1000, 1000, 1000, 1000, 1000]}