{"iteration": 6, "elapseds": [2.071413800724554, 2.2636438362054587, 2.150586911680019, 2.24396599436301, 2.1065377310961724, 2.12091626990484], "total_num_anneals": [0, 0, 0, 0, 0, 0]}