{"elapseds": [11.541574174, 10.523665824, 11.159203193, 10.62805843, 10.528925482, 10.685533458, 10.160886494, 10.629586688, 10.419029354, 10.248261956, 10.059834203, 10.08167378, 9.985261819, 10.027401013, 10.227103232], "iteration": 15, "total_num_anneals": [1000, 1000, 1000, 1000, 1000, 1000, 1000, 1000, 1000, 1000, 1000, 1000, 1000, 1000, 1000]}