{"iteration": 6, "elapseds": [2.950779888413942, 3.161441456170869, 3.126129564229059, 3.090149336207485, 3.0634215781080365, 3.029639376133847], "total_num_anneals": [0, 0, 0, 0, 0, 0]}