{"iteration": 3, "elapseds": [4.119463782757521, 4.092219438403845, 4.07334631215781], "total_num_anneals": [0, 0, 0]}