{"iteration": 3, "elapseds": [1982.2759449283226, 1131.1433742348474, 1157.4619128237277], "total_num_anneals": [1000, 1000, 1000]}