{"iteration": 30, "elapseds": [18.380638881586492, 18.41846091207117, 18.46006188634783, 18.81275234464556, 18.138269557617605, 18.67925153952092, 18.282159552909434, 19.030181150883436, 19.29095276258886, 19.947760266251862, 28.38337495084852, 23.729609972797334, 22.626724682748318, 19.049130752682686, 17.90803482197225, 18.889748743735254, 19.077859580516815, 18.305729401297867, 18.7533699600026, 19.203342095948756, 17.477535129524767, 18.91143162921071, 18.501261791214347, 18.550168222747743, 18.45492642559111, 18.823554907925427, 18.92427528090775, 18.91463080793619, 19.07316394057125, 19.570213646627963], "total_num_anneals": [0, 0, 0, 0, 0, 0, 0, 0, 0, 0, 0, 0, 0, 0, 0, 0, 0, 0, 0, 0, 0, 0, 0, 0, 0, 0, 0, 0, 0, 0]}