{"iteration": 3, "elapseds": [0.143756, 0.16754, 0.14622999999999997], "total_num_anneals": [1000, 1000, 1000]}