{"iteration": 30, "elapseds": [121.03755328338593, 120.55319568607956, 155.93856012634933, 118.62188418582082, 119.7482800623402, 120.82491066586226, 119.1601455360651, 117.19196050707251, 120.67007537093014, 118.19274256005883, 118.11637721769512, 111.6573149189353, 112.49954050034285, 112.9116268036887, 109.83430319745094, 110.07853923086077, 111.64265382569283, 111.8175642490387, 112.9047260871157, 111.27003131527454, 110.95067521370947, 110.68963061738759, 108.95622834097594, 108.98010151833296, 107.16323972400278, 108.52563825715333, 109.19056504126638, 110.79755615070462, 108.32161038089544, 108.84803555905819], "total_num_anneals": [0, 0, 0, 0, 0, 0, 0, 0, 0, 0, 0, 0, 0, 0, 0, 0, 0, 0, 0, 0, 0, 0, 0, 0, 0, 0, 0, 0, 0, 0]}