{"elapseds": [286.55610077, 281.733221809, 279.790172395], "iteration": 3, "total_num_anneals": [1000, 1000, 1000]}