{"iteration": 5, "elapseds": [0.12661200000000003, 0.14306, 0.12285399999999998, 0.13058600000000004, 0.12703], "total_num_anneals": [1000, 1000, 1000, 1000, 1000]}