{"iteration": 3, "elapseds": [1.3170154050116851, 1.3152275739975392, 1.4105479429745018], "total_num_anneals": [0, 0, 0]}