{"iteration": 5, "elapseds": [0.295216, 0.28697199999999995, 0.26696000000000003, 0.26682, 0.282932], "total_num_anneals": [2000, 2000, 2000, 2000, 2000]}