{"iteration": 3, "elapseds": [185.31439230290468, 192.1621444524454, 194.5984463115118], "total_num_anneals": [1000, 1000, 1000]}