{"iteration": 3, "elapseds": [216.74090051193565, 221.61403168945307, 224.94187735009928], "total_num_anneals": [1000, 1000, 1000]}