{"elapseds": [1669.171160381, 1660.562391716, 1660.992121906, 1661.603903984, 1662.333685049, 1655.307034492, 1657.886144896, 1658.873518878, 1668.03953177, 1778.347449193], "iteration": 10, "total_num_anneals": [1000, 1000, 1000, 1000, 1000, 1000, 1000, 1000, 1000, 1000]}