{"elapseds": [15013.255339862, 14838.674504565, 14664.401898126, 14623.79424857, 14701.574716281, 14486.010410194, 14535.211344236, 14562.368704361, 14250.871054506, 14076.147926151, 14111.864154945, 14150.916630611, 13358.819261902, 13340.359853635, 13262.786226892], "iteration": 15, "total_num_anneals": [1000, 1000, 1000, 1000, 1000, 1000, 1000, 1000, 1000, 1000, 1000, 1000, 1000, 1000, 1000]}