{"iteration": 30, "elapseds": [0.005862, 0.005234399999999999, 0.0041994, 0.0046788, 0.005789399999999999, 0.0051006, 0.0046962, 0.0047171999999999995, 0.00447, 0.004623, 0.0058038000000000005, 0.0061758, 0.0061512, 0.0042461999999999995, 0.0056346, 0.0043218, 0.0058236, 0.0045696, 0.005738399999999999, 0.004971, 0.0060414, 0.005238, 0.006018600000000001, 0.006359399999999999, 0.0049398, 0.004524, 0.0050322, 0.004241399999999999, 0.0047418, 0.0043638], "total_num_anneals": [0, 0, 0, 0, 0, 0, 0, 0, 0, 0, 0, 0, 0, 0, 0, 0, 0, 0, 0, 0, 0, 0, 0, 0, 0, 0, 0, 0, 0, 0]}