{"iteration": 30, "elapseds": [0.0066276, 0.006189, 0.0055524, 0.0069432, 0.0070164, 0.0069966, 0.007508399999999999, 0.0057912, 0.0066918, 0.0064656, 0.007402199999999999, 0.0070691999999999994, 0.007383600000000001, 0.0062093999999999995, 0.0071664, 0.0069228, 0.0051132, 0.0051534, 0.006377399999999999, 0.007401, 0.0071232, 0.007116, 0.0074094, 0.0059034, 0.0059148000000000004, 0.0073476, 0.006996, 0.0063054, 0.006077399999999999, 0.0072552], "total_num_anneals": [0, 0, 0, 0, 0, 0, 0, 0, 0, 0, 0, 0, 0, 0, 0, 0, 0, 0, 0, 0, 0, 0, 0, 0, 0, 0, 0, 0, 0, 0]}