{"elapseds": [1.539396613, 1.354159648, 1.339644972, 1.263525609, 1.178774549], "iteration": 5, "total_num_anneals": [5000.0, 5000.0, 5000.0, 5000.0, 5000.0]}