{"elapseds":[1.444925334,1.312496999,1.243908555,1.221038405,1.216264073],"iteration":5}
