{"iteration": 3, "elapseds": [0.1318394888579607, 0.11916981872065067, 0.13384046778446435], "total_num_anneals": [0, 0, 0]}