{"iteration": 15, "elapseds": [0.30937483841631414, 0.2589037068481684, 0.2552012499649048, 0.33170089779646394, 0.19470151615996362, 0.16278399279865027, 0.22410827908151149, 0.17798572399535179, 0.27961322874804734, 0.30830145578763485, 0.2679891708932519, 0.21548760869246722, 0.1883088896729946, 0.27351916192157266, 0.2908696918827415], "total_num_anneals": [0, 0, 0, 0, 0, 0, 0, 0, 0, 0, 0, 0, 0, 0, 0]}