{"iteration": 30, "elapseds": [0.0884375000000023, 0.07975029999998676, 0.07945160000001031, 0.08234559999999995, 0.08171160000000059, 0.08461310000001646, 0.08285109999998856, 0.1519037000000094, 0.08150159999999612, 0.08642740000001486, 0.08302410000000729, 0.08371249999999934, 0.08175240000000848, 0.09111569999999782, 0.08178339999998491, 0.08753430000000874, 0.08239749999998015, 0.08134690000000191, 0.07941369999999785, 0.08047319999997868, 0.08637209999996004, 0.08349709999999937, 0.08369789999997525, 0.08502389999999092, 0.07729600000000046, 0.08017240000000705, 0.08096520000002005, 0.07598439999996173, 0.08713160000001954, 0.08588560000001243], "total_num_anneals": [0, 0, 0, 0, 0, 0, 0, 0, 0, 0, 0, 0, 0, 0, 0, 0, 0, 0, 0, 0, 0, 0, 0, 0, 0, 0, 0, 0, 0, 0]}