{"elapseds": [49.716965457, 49.421704946, 48.538595832], "iteration": 3, "total_num_anneals": [500, 500, 500]}