{"iteration": 30, "elapseds": [12.151737451553345, 12.138282060623169, 12.161128520965576, 12.181523323059082, 12.248026609420776, 12.11375641822815, 12.06440782546997, 12.076024770736694, 12.45270323753357, 15.879217624664307, 12.650156736373901, 12.251931428909302, 12.295233249664307, 12.257586479187012, 12.244751691818237, 12.251575708389282, 12.299037218093872, 12.15992021560669, 12.210090160369873, 12.35546064376831, 12.164553880691528, 12.184085607528687, 12.405637502670288, 12.19155216217041, 13.438887357711792, 13.251122236251831, 11.978088140487671, 12.251920700073242, 11.92244029045105, 12.122441291809082], "total_num_anneals": [1000, 1000, 1000, 1000, 1000, 1000, 1000, 1000, 1000, 1000, 1000, 1000, 1000, 1000, 1000, 1000, 1000, 1000, 1000, 1000, 1000, 1000, 1000, 1000, 1000, 1000, 1000, 1000, 1000, 1000]}