{"elapseds": [1.225299839, 0.901667593, 0.920663129, 0.741405649, 0.645001451, 0.71674963, 0.689177181, 0.668779665, 0.62386245, 0.645295187], "iteration": 10, "total_num_anneals": [1000, 1000, 1000, 1000, 1000, 1000, 1000, 1000, 1000, 1000]}