{"iteration": 3, "elapseds": [0.15029399999999998, 0.128996, 0.13792600000000002], "total_num_anneals": [1000, 1000, 1000]}