{"iteration": 30, "elapseds": [4.622503280639648, 4.495546817779541, 4.520131826400757, 4.5556840896606445, 3.3721511363983154, 3.3078954219818115, 4.035181760787964, 4.640539646148682, 4.535434007644653, 4.639747858047485, 4.627016544342041, 4.610630989074707, 4.529121398925781, 4.610841989517212, 4.611528396606445, 4.537076950073242, 4.539664030075073, 4.6429479122161865, 4.6381306648254395, 4.543385028839111, 4.626724004745483, 4.636822462081909, 4.575226068496704, 4.644604444503784, 4.551970481872559, 4.657604932785034, 4.650110483169556, 4.549975633621216, 4.563805818557739, 4.680377960205078], "total_num_anneals": [1000, 1000, 1000, 1000, 1000, 1000, 1000, 1000, 1000, 1000, 1000, 1000, 1000, 1000, 1000, 1000, 1000, 1000, 1000, 1000, 1000, 1000, 1000, 1000, 1000, 1000, 1000, 1000, 1000, 1000]}