{"iteration": 3, "elapseds": [157.5615615723067, 161.02908439528073, 160.9504144172005], "total_num_anneals": [1000, 1000, 1000]}