{"iteration": 3, "elapseds": [5.697666840980193, 5.917785367957852, 5.91259734498533], "total_num_anneals": [0, 0, 0]}