{"iteration": 30, "elapseds": [0.0038891999999999998, 0.0039378, 0.0038171999999999998, 0.00468, 0.0047838, 0.0047094, 0.0041724, 0.0043746, 0.0037824, 0.0042492, 0.0038772, 0.004857, 0.0039366, 0.004485, 0.0045336000000000005, 0.0048162, 0.004137, 0.0037788, 0.0038484, 0.0045276000000000005, 0.0035784000000000002, 0.0048846, 0.004128, 0.0038742, 0.0058974, 0.0038796, 0.0041472, 0.005386800000000001, 0.004476600000000001, 0.0037404], "total_num_anneals": [0, 0, 0, 0, 0, 0, 0, 0, 0, 0, 0, 0, 0, 0, 0, 0, 0, 0, 0, 0, 0, 0, 0, 0, 0, 0, 0, 0, 0, 0]}