classic-3,elapsed time,found,front,igd,hv,spacing,tts
hybrid0.3,221.0989,18.66667,4.3333,1487.3635,1124353.6667,50.8702,55093.0772
hybrid0.5,260.7011,32.33333,1.3333,1026.0856,2221979.0,39.7032,36610.0113
hybrid0.7,283.3628,41.66667,8.3333,128.593,5187679.6667,43.2167,31664.2077
hybrid0.9,292.842,42.33333,15.6667,43.3675,5650460.6667,49.1894,30401.791
hymoo,328.4088,46.0,30.3333,141.91,5277942.3333,50.0226,32213.3711
