uClinux,time,statistic,p_value,mean,std,max,min
hybrid0.3,10.2343,0.0,1.0,17.3,4.0789,23.7967,11.5475
hybrid0.5,11.257,-2.43274134763,0.026621364651401108,25.663,4.7025,34.8062,19.065
hybrid0.7,11.8014,-2.770132724532,0.010108973303769512,28.0212,5.8299,37.7317,19.065
hybrid0.9,12.9571,-3.198210109267,0.001838155228948603,31.9613,5.5202,42.6833,23.645
hysoo,13.5457,-3.462720199115,0.000650020442733788,30.3449,5.8961,44.2229,22.945
