classic-3,time,statistic,p_value,mean,std,max,min
hybrid0.3,36.8124,-4.001966509483,0.000185785833224934,-298.8879,853.7206,343.1333,-1609.5333
hybrid0.5,41.4141,-4.015361698169,0.00013079321998029,-291.4,916.1254,407.4,-1737.4
hybrid0.7,28.578,-4.388046892978,1.8248018212595e-05,-565.4451,553.4926,-215.0667,-1676.9667
hybrid0.9,18.4216,-2.686259283881,0.028057638676901826,-1420.1476,531.3142,-594.0333,-1889.4333
hysoo,9.0738,0.0,1.0,-2045.0656,205.3409,-1579.725,-2531.45
