uClinux,time,statistic,p_value,mean,std,max,min
hybrid0.3,10.2343,3.462720199115,0.000650020442733788,17.3,4.0789,23.7967,11.5475
hybrid0.5,11.257,1.786254263259,0.12331270633901557,25.663,4.7025,34.8062,19.065
hybrid0.7,11.8014,0.811124979177,0.47079197591363003,28.0212,5.8299,37.7317,19.065
hybrid0.9,12.9571,-0.92946851115,0.45574853312045255,31.9613,5.5202,42.6833,23.645
hysoo,13.5457,0.0,1.0,30.3449,5.8961,44.2229,22.945
