{"iteration": 30, "elapseds": [12.36773157119751, 12.361746311187744, 12.413264274597168, 12.406023025512695, 12.409481763839722, 12.350358247756958, 12.34114384651184, 12.30559253692627, 12.43640422821045, 12.447952032089233, 12.483598470687866, 12.424604415893555, 12.478826761245728, 12.519844055175781, 12.519832849502563, 12.494974136352539, 12.56472659111023, 12.46569561958313, 12.452013969421387, 12.49022388458252, 12.50406002998352, 12.521904230117798, 12.53842306137085, 12.553164720535278, 12.518764972686768, 12.50146770477295, 12.607514142990112, 12.58810019493103, 12.381935119628906, 12.41582202911377], "total_num_anneals": [1000, 1000, 1000, 1000, 1000, 1000, 1000, 1000, 1000, 1000, 1000, 1000, 1000, 1000, 1000, 1000, 1000, 1000, 1000, 1000, 1000, 1000, 1000, 1000, 1000, 1000, 1000, 1000, 1000, 1000]}