{"iteration": 6, "elapseds": [1.902452647398448, 1.87130740479635, 1.7384628689334511, 1.97805192082932, 1.8471275210882068, 1.9196040872912168], "total_num_anneals": [0, 0, 0, 0, 0, 0]}