{"iteration": 3, "elapseds": [0.7280152490129694, 0.7357084529940039, 0.7259837570018135], "total_num_anneals": [0, 0, 0]}