{"iteration": 3, "elapseds": [159.4273112689914, 161.05264732456797, 369.3100330278092], "total_num_anneals": [1000, 1000, 1000]}