{"iteration": 3, "elapseds": [0.162888, 0.17278, 0.178268], "total_num_anneals": [1000, 1000, 1000]}