{"elapseds": [5.781699229, 5.664677316, 5.687837979, 4.737135294, 4.781562581, 5.033458077, 4.913984025, 4.657642801, 5.000530901, 4.910526833, 4.723586991, 4.708547213, 4.965736427, 4.960018407, 4.858158226], "iteration": 15, "total_num_anneals": [1000, 1000, 1000, 1000, 1000, 1000, 1000, 1000, 1000, 1000, 1000, 1000, 1000, 1000, 1000]}