{"iteration": 3, "elapseds": [14.490079979412258, 14.402863579802215, 14.780067315325141], "total_num_anneals": [0, 0, 0]}