{"iteration": 6, "elapseds": [43.28933122102171, 42.92033929005265, 43.157582570798695, 43.18307536654174, 43.22970029618591, 43.24907512497157], "total_num_anneals": [0, 0, 0, 0, 0, 0]}