{"iteration": 3, "elapseds": [24.17860662471503, 24.16351235937327, 24.09868122730404], "total_num_anneals": [0, 0, 0]}