{"iteration": 30, "elapseds": [1.2359553000000256, 1.138016099999986, 1.161935100000019, 1.2555925999999842, 1.6716268000000432, 1.3383500999999265, 1.6261409000000437, 1.6982215000000098, 1.5209119999999967, 1.2542008000000215, 1.2055778000000428, 1.221817900000043, 1.271258300000007, 1.8780227999999373, 1.2048049999999944, 1.4805342000000705, 1.508154599999991, 1.1924188000000668, 1.291281900000003, 1.3524781999999338, 1.1842361000000403, 1.218674900000032, 1.5219380000000018, 1.1867081999999578, 1.2571562000000358, 1.885761399999993, 1.1802020000001057, 1.5811025999999788, 1.4313170999999094, 1.1584137000000239], "total_num_anneals": [0, 0, 0, 0, 0, 0, 0, 0, 0, 0, 0, 0, 0, 0, 0, 0, 0, 0, 0, 0, 0, 0, 0, 0, 0, 0, 0, 0, 0, 0]}