{"iteration": 3, "elapseds": [1.465692346535909, 1.3877725356231212, 1.4693719906834244], "total_num_anneals": [0, 0, 0]}