{"iteration": 15, "elapseds": [3.535710911287868, 6.892348967437017, 3.722267551842022, 6.066057625613165, 5.969811808363688, 5.476260377395094, 6.245957791750026, 6.221197298904086, 5.541731210689914, 1.784567347102201, 1.2691887212852002, 4.9289317628173706, 7.767794587281418, 6.718622306842744, 6.545375226574373], "total_num_anneals": [0, 0, 0, 0, 0, 0, 0, 0, 0, 0, 0, 0, 0, 0, 0]}