{"elapseds": [27.683709506, 26.331474707, 26.438751007, 26.321946002, 25.910651417, 25.588718321, 26.030025094, 26.02140537, 26.053681241, 25.609298478, 26.675733838, 25.940961573, 26.028231936, 26.072817643, 25.836940412], "iteration": 15, "total_num_anneals": [500, 500, 500, 500, 500, 500, 500, 500, 500, 500, 500, 500, 500, 500, 500]}