{"iteration": 6, "elapseds": [2.2160266790450693, 3.9928795039758205, 3.2572003396694065, 4.443924082098615, 4.4470811985578536, 3.6380059509722353], "total_num_anneals": [0, 0, 0, 0, 0, 0]}