{"iteration": 30, "elapseds": [1.9011589999998555, 1.9564444999998647, 1.892699999999912, 1.899494899999791, 1.9036258000003095, 1.8980301000001059, 1.9022247000002812, 1.9116631999999902, 1.8554571999997707, 1.8407731000003895, 1.903034800000504, 1.9140125999997786, 1.9088623000002858, 1.883012199999707, 1.9214702999997484, 1.90852840000054, 1.8913971999998316, 1.9355334000002968, 1.9330038999998655, 1.9139595999999723, 2.0029870000001893, 1.9183104000000195, 1.9324322999996435, 1.8971513000006393, 1.9492422999996277, 1.7961886000007932, 1.8307189999999571, 1.92939360000012, 1.8315669000002452, 1.9540793999996433], "total_num_anneals": [0, 0, 0, 0, 0, 0, 0, 0, 0, 0, 0, 0, 0, 0, 0, 0, 0, 0, 0, 0, 0, 0, 0, 0, 0, 0, 0, 0, 0, 0]}