{"iteration": 6, "elapseds": [2.3454791892561317, 2.303719662984991, 2.20407025268867, 2.1220300774276257, 2.2948356285547735, 2.2755467116533517], "total_num_anneals": [0, 0, 0, 0, 0, 0]}