{"elapseds": [7.055886428, 6.007142211, 6.141608825, 5.558809111, 6.370665394, 5.515519876, 5.33480815, 5.467499667, 5.25676913, 5.368542579, 5.709894484, 5.610512728, 5.362925492, 5.606508626, 6.138935823], "iteration": 15, "total_num_anneals": [1000, 1000, 1000, 1000, 1000, 1000, 1000, 1000, 1000, 1000, 1000, 1000, 1000, 1000, 1000]}