{"elapseds": [2400.644639396, 2344.571325168, 2367.252095972], "iteration": 3, "total_num_anneals": [1000, 1000, 1000]}