{"iteration": 5, "elapseds": [0.247908, 0.24867599999999998, 0.257884, 0.253112, 0.2604], "total_num_anneals": [2000, 2000, 2000, 2000, 2000]}