{"elapseds": [10.233715925, 9.980872776, 10.062304446], "iteration": 3, "total_num_anneals": [1000, 1000, 1000]}