{"iteration": 30, "elapseds": [0.0041214, 0.0055194, 0.0040446, 0.0035694, 0.0042042, 0.00537, 0.0044256, 0.0041322, 0.0039624000000000005, 0.0039258, 0.0040295999999999995, 0.0043728000000000005, 0.0059988, 0.0047352, 0.004175399999999999, 0.0052464, 0.003945, 0.004887, 0.0045636, 0.0041076, 0.004407, 0.0039672, 0.004662, 0.0036972, 0.0038058000000000002, 0.0038484, 0.0051252, 0.0031422, 0.0040938, 0.0055908], "total_num_anneals": [0, 0, 0, 0, 0, 0, 0, 0, 0, 0, 0, 0, 0, 0, 0, 0, 0, 0, 0, 0, 0, 0, 0, 0, 0, 0, 0, 0, 0, 0]}