{"iteration": 30, "elapseds": [1.1156923612579703, 1.115622416138649, 1.1113705784082413, 0.8834856338799, 0.8647503601387143, 0.9040334494784474, 0.9263965571299195, 0.9703291831538081, 0.9820372629910707, 1.0491350488737226, 1.1423168517649174, 1.1175654446706176, 1.1152582569047809, 1.112811722792685, 1.1236791079863906, 1.1447855159640312, 0.9195462334901094, 0.869246207177639, 0.965694971382618, 1.0980712473392487, 1.1079796329140663, 1.1186669142916799, 1.1113264244049788, 1.1428176052868366, 1.109277619048953, 1.116094327531755, 1.113046357408166, 1.158859796822071, 1.0854399455711246, 0.8698890618979931], "total_num_anneals": [0, 0, 0, 0, 0, 0, 0, 0, 0, 0, 0, 0, 0, 0, 0, 0, 0, 0, 0, 0, 0, 0, 0, 0, 0, 0, 0, 0, 0, 0]}