{"iteration": 3, "elapseds": [284.9638922846977, 281.25487021118806, 285.34722602052557], "total_num_anneals": [1000, 1000, 1000]}