{"elapseds": [0.485314267, 0.352340153, 0.344130073, 0.338691226, 0.267654139], "iteration": 5, "total_num_anneals": [5000.0, 5000.0, 5000.0, 5000.0, 5000.0]}