{"iteration": 3, "elapseds": [2.998011621759045, 2.9924064871850016, 3.0834238718748925], "total_num_anneals": [0, 0, 0]}