{"iteration": 15, "elapseds": [17.772567671572673, 11.848921763676596, 10.532468969189335, 15.725747675192869, 9.239527078617192, 16.908425803767656, 13.061422177298176, 2.9084677040206195, 9.362108080421006, 14.11398080402242, 25.941041665573145, 25.669744961860918, 10.924958688926626, 26.744940421217166, 17.56637101838083], "total_num_anneals": [0, 0, 0, 0, 0, 0, 0, 0, 0, 0, 0, 0, 0, 0, 0]}