{"iteration": 30, "elapseds": [2.7303304999999596, 3.3018927000000264, 2.937791199999943, 3.570535100000023, 2.9478385000000626, 3.1529329, 3.1023245999999287, 4.921049200000046, 2.9075119000000353, 2.7728432000000707, 3.6483822000002655, 2.9978191000002545, 2.7892618000000104, 3.019978699999986, 3.526652199999803, 2.7188097999999137, 4.20813689999993, 3.1574963999999293, 2.8282755000000166, 2.7036108000001087, 2.6840291999996846, 2.829190999999947, 2.8276090000001837, 2.8914331999999017, 2.8875095000000015, 2.8954055999999153, 2.9660795999998792, 3.425291199999789, 2.8488654999999077, 2.878407400000024], "total_num_anneals": [0, 0, 0, 0, 0, 0, 0, 0, 0, 0, 0, 0, 0, 0, 0, 0, 0, 0, 0, 0, 0, 0, 0, 0, 0, 0, 0, 0, 0, 0]}