{"elapseds": [16.065473254, 16.606447039, 15.625966825, 15.88694244, 15.723126215, 14.864216428, 15.614230708, 15.599069097, 14.970584688, 14.705552871, 14.872257325, 14.668372786, 15.461307677, 14.689249809, 14.770132026], "iteration": 15, "total_num_anneals": [1000, 1000, 1000, 1000, 1000, 1000, 1000, 1000, 1000, 1000, 1000, 1000, 1000, 1000, 1000]}