{"iteration": 3, "elapseds": [12.180028915405273, 12.019750118255615, 12.055656909942627], "total_num_anneals": [1000, 1000, 1000]}