{"elapseds": [1.075447631, 0.791483504, 0.832931642, 0.555730779, 0.507979842], "iteration": 5, "total_num_anneals": [20000.0, 20000.0, 20000.0, 20000.0, 20000.0]}