{"elapseds": [44.86972184, 41.136842389, 39.097052297], "iteration": 3, "total_num_anneals": [1000, 1000, 1000]}