{"iteration": 5, "elapseds": [0.14437799999999998, 0.139262, 0.15117, 0.140586, 0.14849199999999999], "total_num_anneals": [1000, 1000, 1000, 1000, 1000]}