{"elapseds": [3.993857146, 3.216835128, 2.918798529, 3.206967756, 3.279941991, 2.998217561, 3.087149126, 3.0121436, 2.973501824, 3.043932652, 3.16874405, 3.198260153, 2.916138543, 2.860452803, 2.805773938], "iteration": 15, "total_num_anneals": [500, 500, 500, 500, 500, 500, 500, 500, 500, 500, 500, 500, 500, 500, 500]}