{"iteration": 3, "elapseds": [1.3718201040335276, 1.274410812003184, 1.2392024040108152], "total_num_anneals": [0, 0, 0]}