{"iteration": 30, "elapseds": [12.094908714294434, 11.889693975448608, 11.911758422851562, 11.883012771606445, 11.989985942840576, 11.911605834960938, 11.961331605911255, 11.953176498413086, 12.002664804458618, 12.067870378494263, 11.99810266494751, 11.973417282104492, 12.007745504379272, 11.99807858467102, 12.080186367034912, 12.025346755981445, 11.99742078781128, 11.985514402389526, 12.030142068862915, 12.114436149597168, 12.071378231048584, 12.095064640045166, 10.019030809402466, 8.961155652999878, 9.085392713546753, 10.063848972320557, 11.968465566635132, 11.997812271118164, 12.039345979690552, 11.934653759002686], "total_num_anneals": [1000, 1000, 1000, 1000, 1000, 1000, 1000, 1000, 1000, 1000, 1000, 1000, 1000, 1000, 1000, 1000, 1000, 1000, 1000, 1000, 1000, 1000, 1000, 1000, 1000, 1000, 1000, 1000, 1000, 1000]}