{"elapseds": [11.05891926, 9.873166875, 9.951056135], "iteration": 3, "total_num_anneals": [500, 500, 500]}