{"iteration": 30, "elapseds": [146.38054126966745, 139.7723837774247, 135.89246874209493, 136.00181560125202, 144.57324513234198, 149.93620840087533, 145.61536908429116, 132.2195744169876, 134.3085802225396, 136.5076373713091, 149.4338111532852, 149.298883382231, 138.50749940611422, 140.80959146749228, 163.2749542472884, 164.4790923865512, 157.15448024962097, 136.8605974940583, 138.02935076970607, 157.28833570424467, 142.55208407342434, 163.49951479770243, 136.52005818206817, 136.98817277606577, 140.16487842984498, 157.92262448836118, 146.1150444149971, 138.9844436822459, 138.20771301258355, 138.1592700080946], "total_num_anneals": [0, 0, 0, 0, 0, 0, 0, 0, 0, 0, 0, 0, 0, 0, 0, 0, 0, 0, 0, 0, 0, 0, 0, 0, 0, 0, 0, 0, 0, 0]}