{"iteration": 3, "elapseds": [32.49773575295694, 32.466486432007514, 32.48534946597647], "total_num_anneals": [0, 0, 0]}