{"iteration": 30, "elapseds": [2.3152141384780407, 2.349264333024621, 2.3136861957609653, 2.362518798559904, 2.34466659091413, 2.4044627817347646, 2.398002619855106, 2.5015247352421284, 2.429540242999792, 2.4327741637825966, 2.3162555126473308, 2.3428442794829607, 2.3118902314454317, 2.363503387197852, 2.35279337503016, 2.336178411729634, 2.372945763170719, 2.31074898596853, 2.342895057052374, 2.318788528442383, 2.361579933203757, 2.452233010903001, 2.3552084267139435, 2.4997785221785307, 2.389835625886917, 2.3903374234214425, 2.398872071877122, 2.378480538725853, 2.3891816567629576, 2.4373346669599414], "total_num_anneals": [0, 0, 0, 0, 0, 0, 0, 0, 0, 0, 0, 0, 0, 0, 0, 0, 0, 0, 0, 0, 0, 0, 0, 0, 0, 0, 0, 0, 0, 0]}