{"iteration": 3, "elapseds": [32.4849271858111, 32.468254247680306, 32.526441687718034], "total_num_anneals": [0, 0, 0]}