{"iteration": 3, "elapseds": [131.65231221556846, 127.30382048399035, 127.21954983178986], "total_num_anneals": [1000, 1000, 1000]}