{"iteration": 30, "elapseds": [2.884680482558906, 3.1854098746553063, 3.2322175819426775, 3.2080987580120564, 2.67379979416728, 3.0127331959083676, 3.2052969774231315, 3.208029132336378, 2.5048307459801435, 2.6637884555384517, 3.016697108745575, 3.239151488058269, 3.0968475490808487, 2.536438336595893, 2.7331306729465723, 3.0072999885305762, 3.2176955100148916, 2.8338018897920847, 2.5490325652062893, 2.6966303270310163, 2.9601770816370845, 3.2403121357783675, 2.626459731720388, 3.1999073587358, 3.1878340523689985, 2.787688810378313, 2.9830055218189955, 3.2062310678884387, 3.1807343745604157, 2.7451711278408766], "total_num_anneals": [0, 0, 0, 0, 0, 0, 0, 0, 0, 0, 0, 0, 0, 0, 0, 0, 0, 0, 0, 0, 0, 0, 0, 0, 0, 0, 0, 0, 0, 0]}