{"elapseds": [0.546542056, 0.399699732, 0.370100327, 0.354748856, 0.404648199], "iteration": 5, "total_num_anneals": [10000.0, 10000.0, 10000.0, 10000.0, 10000.0]}