{"iteration": 6, "elapseds": [14.002951763570309, 13.959289046935737, 14.017128656618297, 14.07685914915055, 14.021621300838888, 13.977666035294533], "total_num_anneals": [0, 0, 0, 0, 0, 0]}