{"iteration": 3, "elapseds": [187.47146221877108, 189.92121801041804, 189.24561887220992], "total_num_anneals": [1000, 1000, 1000]}