{"iteration": 3, "elapseds": [6.754485794006803, 6.360841569992403, 6.562833450980812], "total_num_anneals": [0, 0, 0]}