{"iteration": 3, "elapseds": [290.90650780028284, 293.44377180638713, 290.85904670071136], "total_num_anneals": [1000, 1000, 1000]}