{"elapseds": [0.94827284, 0.722184556, 0.695123836, 0.622087423, 0.480060373, 0.482797731, 0.479955849, 0.481033833, 0.53731641, 0.48843718, 0.483232874, 0.473358184, 0.472803021, 0.485177542, 0.530199237], "iteration": 15, "total_num_anneals": [1000, 1000, 1000, 1000, 1000, 1000, 1000, 1000, 1000, 1000, 1000, 1000, 1000, 1000, 1000]}