{"elapseds": [1.037106602, 0.878897679, 0.847480791, 0.718117762, 0.488277872, 0.493382722, 0.495515258, 0.497042958, 0.524557806, 0.502479919, 0.588139413, 0.631628714, 0.592827246, 0.647002333, 0.50129535, 0.575681769, 0.501911204, 0.496832857, 0.51262572, 0.574387623, 0.616545828, 0.510213082, 0.517731381, 0.497585988, 0.574363889, 0.491430103, 0.486782054, 0.571757717, 0.518399175, 0.568224438], "iteration": 30, "total_num_anneals": [100, 100, 100, 100, 100, 100, 100, 100, 100, 100, 100, 100, 100, 100, 100, 100, 100, 100, 100, 100, 100, 100, 100, 100, 100, 100, 100, 100, 100, 100]}