{"iteration": 5, "elapseds": [1.08931, 1.12797, 1.14524, 1.12716, 1.0902899999999998], "total_num_anneals": [5000, 5000, 5000, 5000, 5000]}